<?xml version="1.0"?>
<gpx xmlns="http://www.topografix.com/GPX/1/1" xmlns:gpxx="http://www.garmin.com/xmlschemas/GpxExtensions/v3" creator="CALTOPO" version="1.1"><metadata><name><![CDATA[Sangre de Cristo Trail Festival]]></name></metadata><wpt lat="37.928898660393045" lon="-105.50593614578248"><name>Music Pass</name></wpt><wpt lat="37.98058713637049" lon="-105.4994559288025"><name>Colony Creek</name></wpt><wpt lat="38.05190986660188" lon="-105.5356550216675"><name>Horn Creek</name></wpt><wpt lat="37.934991500488344" lon="-105.45591831207275"><name>Music Meadows</name></wpt><wpt lat="38.08266" lon="-105.56452"><name>Venable</name></wpt><trk><name>SdC 100-Mile</name><extensions><gpxx:TrackExtension><gpxx:DisplayColor>Magenta</gpxx:DisplayColor></gpxx:TrackExtension></extensions><trkseg><trkpt lat="37.934843912452635" lon="-105.45614716093397"/><trkpt lat="37.93478706350636" lon="-105.45548276505308"/><trkpt lat="37.93478706350636" lon="-105.45548276505308"/><trkpt lat="37.934791291507516" lon="-105.45537668096262"/><trkpt lat="37.934745684544275" lon="-105.45536415653604"/><trkpt lat="37.934745684544275" lon="-105.45536415653604"/><trkpt lat="37.93453182392867" lon="-105.45545912245132"/><trkpt lat="37.934132989462945" lon="-105.45583328950222"/><trkpt lat="37.934132989462945" lon="-105.45583328950222"/><trkpt lat="37.93453182392867" lon="-105.45545912245132"/><trkpt lat="37.934271836513624" lon="-105.45562343413906"/><trkpt lat="37.932687029196885" lon="-105.45713405576687"/><trkpt lat="37.93264953167848" lon="-105.45715084289303"/><trkpt lat="37.93241418449965" lon="-105.45725455393425"/><trkpt lat="37.932067627028246" lon="-105.4572631672241"/><trkpt lat="37.931528279635494" lon="-105.45725103830573"/><trkpt lat="37.93121987814169" lon="-105.45717778139654"/><trkpt lat="37.93102864772897" lon="-105.45713827452109"/><trkpt lat="37.93083024357659" lon="-105.45716679505742"/><trkpt lat="37.93083024357659" lon="-105.45716679505742"/><trkpt lat="37.93018377526943" lon="-105.45731453934579"/><trkpt lat="37.93015355545792" lon="-105.45730223464598"/><trkpt lat="37.92991900536128" lon="-105.45725393869925"/><trkpt lat="37.92952434571284" lon="-105.4573126057501"/><trkpt lat="37.92923836648744" lon="-105.4571925470363"/><trkpt lat="37.92913530029544" lon="-105.45712961728587"/><trkpt lat="37.92899175619078" lon="-105.45704199024512"/><trkpt lat="37.9288533411367" lon="-105.45703460742523"/><trkpt lat="37.92863241074868" lon="-105.45718947086135"/><trkpt lat="37.92845053738769" lon="-105.457458811951"/><trkpt lat="37.928221982735295" lon="-105.45739122399279"/><trkpt lat="37.92800458723349" lon="-105.45726527660122"/><trkpt lat="37.92779474668455" lon="-105.45727037426256"/><trkpt lat="37.92706746117506" lon="-105.4571199932528"/><trkpt lat="37.92687144826923" lon="-105.45717567201942"/><trkpt lat="37.92687144826923" lon="-105.45717567201942"/><trkpt lat="37.926749126953496" lon="-105.45719140445703"/><trkpt lat="37.926620181454844" lon="-105.45721429998774"/><trkpt lat="37.926556350139165" lon="-105.45727459301678"/><trkpt lat="37.92646758959155" lon="-105.45752639990921"/><trkpt lat="37.92629745365128" lon="-105.45769580925831"/><trkpt lat="37.92616313397885" lon="-105.45833934505809"/><trkpt lat="37.92627106819162" lon="-105.45853547318391"/><trkpt lat="37.92650874536109" lon="-105.45871674777925"/><trkpt lat="37.926808797618506" lon="-105.45931247103123"/><trkpt lat="37.92665142100695" lon="-105.45953593316875"/><trkpt lat="37.9265737555278" lon="-105.45967721748971"/><trkpt lat="37.92650798257513" lon="-105.45982865318803"/><trkpt lat="37.926124578615976" lon="-105.46013007438789"/><trkpt lat="37.925599019092296" lon="-105.46077070979415"/><trkpt lat="37.92545384705603" lon="-105.46099285357099"/><trkpt lat="37.92533218269605" lon="-105.46172849883787"/><trkpt lat="37.92524023231626" lon="-105.46218698074166"/><trkpt lat="37.9252163779191" lon="-105.46226652183684"/><trkpt lat="37.92519911121882" lon="-105.46230075526951"/><trkpt lat="37.92496750166491" lon="-105.46246519879332"/><trkpt lat="37.92492072901697" lon="-105.46264084838303"/><trkpt lat="37.92486320802147" lon="-105.46285407125251"/><trkpt lat="37.92458291885473" lon="-105.46331510198698"/><trkpt lat="37.924386362782705" lon="-105.46365422830267"/><trkpt lat="37.924196949160994" lon="-105.46397749034467"/><trkpt lat="37.92417396156605" lon="-105.46402754410568"/><trkpt lat="37.92400444972337" lon="-105.46442155817155"/><trkpt lat="37.92395618617561" lon="-105.46470206138174"/><trkpt lat="37.92384946548595" lon="-105.46503969355531"/><trkpt lat="37.92376673788181" lon="-105.4652458412224"/><trkpt lat="37.92372010392223" lon="-105.4653620766902"/><trkpt lat="37.92368983518861" lon="-105.46547053382992"/><trkpt lat="37.92353259726541" lon="-105.46617335191554"/><trkpt lat="37.92352784718923" lon="-105.46625095941502"/><trkpt lat="37.923641120903696" lon="-105.46642072032697"/><trkpt lat="37.92378001729186" lon="-105.46664282015844"/><trkpt lat="37.92384464606559" lon="-105.46700971993941"/><trkpt lat="37.923966622474374" lon="-105.46730846047252"/><trkpt lat="37.923990268839006" lon="-105.46739846056252"/><trkpt lat="37.92395982674495" lon="-105.46765286023098"/><trkpt lat="37.92383594337127" lon="-105.46772875386156"/><trkpt lat="37.92362895100049" lon="-105.46772646870303"/><trkpt lat="37.92358803793557" lon="-105.46772479877949"/><trkpt lat="37.923486448715074" lon="-105.4677951113498"/><trkpt lat="37.92340427586436" lon="-105.46835835898337"/><trkpt lat="37.923431666814594" lon="-105.46861403306715"/><trkpt lat="37.923515607941845" lon="-105.46875"/><trkpt lat="37.923515607941845" lon="-105.46875"/><trkpt lat="37.92372565145646" lon="-105.46894177753553"/><trkpt lat="37.92439000335204" lon="-105.47007380991757"/><trkpt lat="37.924412054800584" lon="-105.47010347303316"/><trkpt lat="37.924875689973476" lon="-105.47055338559245"/><trkpt lat="37.9250441269814" lon="-105.47074103226447"/><trkpt lat="37.925553806688356" lon="-105.47124754644285"/><trkpt lat="37.92581343129011" lon="-105.4715999442562"/><trkpt lat="37.9258021975333" lon="-105.4718388751592"/><trkpt lat="37.9259810361679" lon="-105.47191955883362"/><trkpt lat="37.92610003077703" lon="-105.47209661467474"/><trkpt lat="37.92629634414443" lon="-105.47217672705953"/><trkpt lat="37.92646228476195" lon="-105.47235879267129"/><trkpt lat="37.926640846019836" lon="-105.47292305104806"/><trkpt lat="37.92664490265424" lon="-105.47299222103909"/><trkpt lat="37.926670906720915" lon="-105.47343382792602"/><trkpt lat="37.9267397308174" lon="-105.47353481435513"/><trkpt lat="37.92687692387728" lon="-105.4737169678576"/><trkpt lat="37.92705172746586" lon="-105.4739900882479"/><trkpt lat="37.92711812787738" lon="-105.47406009320072"/><trkpt lat="37.92740850838267" lon="-105.47426703188422"/><trkpt lat="37.927836888073074" lon="-105.47493513313826"/><trkpt lat="37.92817069222953" lon="-105.47524459633834"/><trkpt lat="37.9282946904928" lon="-105.47524903481934"/><trkpt lat="37.929140706591994" lon="-105.47411884814228"/><trkpt lat="37.92928511709033" lon="-105.47406035687285"/><trkpt lat="37.92944581578982" lon="-105.47416125541126"/><trkpt lat="37.929556922115154" lon="-105.47432815987503"/><trkpt lat="37.92960384599678" lon="-105.47445819418476"/><trkpt lat="37.92966075073358" lon="-105.4746159580144"/><trkpt lat="37.929632644922656" lon="-105.47495235971799"/><trkpt lat="37.92975144482385" lon="-105.47510063135063"/><trkpt lat="37.92980585434686" lon="-105.47519080722206"/><trkpt lat="37.929757821481324" lon="-105.4755023358539"/><trkpt lat="37.92985125337562" lon="-105.47580771213583"/><trkpt lat="37.92985378324516" lon="-105.4758381223225"/><trkpt lat="37.92985402583539" lon="-105.47602563715844"/><trkpt lat="37.92975376675891" lon="-105.47638247345279"/><trkpt lat="37.929761772236496" lon="-105.47662698541605"/><trkpt lat="37.92978239240605" lon="-105.47687303546678"/><trkpt lat="37.929745068166376" lon="-105.47781970633532"/><trkpt lat="37.92972867599798" lon="-105.47832107890702"/><trkpt lat="37.92982817264802" lon="-105.47939057704683"/><trkpt lat="37.92975210328305" lon="-105.47983227182446"/><trkpt lat="37.92970344661406" lon="-105.47996191062597"/><trkpt lat="37.92967897965658" lon="-105.47999355128262"/><trkpt lat="37.92946283176167" lon="-105.48030661800193"/><trkpt lat="37.92912861173624" lon="-105.48092695065351"/><trkpt lat="37.92898395864768" lon="-105.4814610185704"/><trkpt lat="37.92895453591836" lon="-105.48224750861469"/><trkpt lat="37.928482316707814" lon="-105.4832259959213"/><trkpt lat="37.92820548659966" lon="-105.48384030805906"/><trkpt lat="37.92818843597207" lon="-105.48387555223492"/><trkpt lat="37.92805719465765" lon="-105.48399455626019"/><trkpt lat="37.9278722715909" lon="-105.48489754544443"/><trkpt lat="37.927320656063664" lon="-105.48547885461947"/><trkpt lat="37.92700012505836" lon="-105.48567080793643"/><trkpt lat="37.92690055909683" lon="-105.4857407689439"/><trkpt lat="37.9268676014813" lon="-105.48585370850996"/><trkpt lat="37.9268676014813" lon="-105.48585370850996"/><trkpt lat="37.926850716174" lon="-105.48613513457263"/><trkpt lat="37.9268676014813" lon="-105.48627681440182"/><trkpt lat="37.9268676014813" lon="-105.48627681440182"/><trkpt lat="37.92698889659629" lon="-105.48706813843532"/><trkpt lat="37.9268676014813" lon="-105.48755030688625"/><trkpt lat="37.9268676014813" lon="-105.48755030688625"/><trkpt lat="37.92668591973541" lon="-105.48786403278591"/><trkpt lat="37.926532114349016" lon="-105.4879008589946"/><trkpt lat="37.92643815298807" lon="-105.48783173294892"/><trkpt lat="37.926071010238616" lon="-105.48748641033798"/><trkpt lat="37.92596241725615" lon="-105.48739188387626"/><trkpt lat="37.92580198950077" lon="-105.48732724025693"/><trkpt lat="37.92577172076715" lon="-105.48732671291265"/><trkpt lat="37.92561822742955" lon="-105.48743292883918"/><trkpt lat="37.92534681431757" lon="-105.48762070734728"/><trkpt lat="37.92517172026858" lon="-105.48765929137024"/><trkpt lat="37.9245698821493" lon="-105.48768631776444"/><trkpt lat="37.9245698821493" lon="-105.48768631776444"/><trkpt lat="37.92449818026944" lon="-105.48858249541843"/><trkpt lat="37.92440591784085" lon="-105.48879488332614"/><trkpt lat="37.92437519837008" lon="-105.48942475212006"/><trkpt lat="37.924499844529706" lon="-105.48987818030787"/><trkpt lat="37.92456703903801" lon="-105.49062410878817"/><trkpt lat="37.92478751885138" lon="-105.49169053075303"/><trkpt lat="37.92493373105031" lon="-105.49202873421623"/><trkpt lat="37.925015869228936" lon="-105.49256179138992"/><trkpt lat="37.92501781086592" lon="-105.49377762756669"/><trkpt lat="37.92457154640957" lon="-105.49625065250065"/><trkpt lat="37.92456346781285" lon="-105.496499119546"/><trkpt lat="37.92470090797329" lon="-105.49724548747986"/><trkpt lat="37.924705380672755" lon="-105.49784898905993"/><trkpt lat="37.92456898067499" lon="-105.49852253953816"/><trkpt lat="37.92456572149863" lon="-105.49929461550555"/><trkpt lat="37.92436961616376" lon="-105.49972000655595"/><trkpt lat="37.924339590134764" lon="-105.49993612981895"/><trkpt lat="37.92458815434016" lon="-105.50062598402442"/><trkpt lat="37.92491958483804" lon="-105.50109624328374"/><trkpt lat="37.92499839449613" lon="-105.50169372434998"/><trkpt lat="37.925148351280654" lon="-105.50180314828752"/><trkpt lat="37.92512335270455" lon="-105.50205842686312"/><trkpt lat="37.925290818893984" lon="-105.50235242129773"/><trkpt lat="37.92525642418179" lon="-105.50257012659357"/><trkpt lat="37.92517054141756" lon="-105.50266087375462"/><trkpt lat="37.92518680262726" lon="-105.50296673343549"/><trkpt lat="37.925440914366874" lon="-105.50341844775438"/><trkpt lat="37.9268676014813" lon="-105.50421240850929"/><trkpt lat="37.9268676014813" lon="-105.50421240850929"/><trkpt lat="37.926920347528444" lon="-105.50425217905686"/><trkpt lat="37.926920347528444" lon="-105.50425217905686"/><trkpt lat="37.927088843771045" lon="-105.50437926902771"/><trkpt lat="37.927466314168896" lon="-105.50492581742581"/><trkpt lat="37.92762008171896" lon="-105.50511240940928"/><trkpt lat="37.92791611111104" lon="-105.50537208252052"/><trkpt lat="37.92822995355714" lon="-105.50564744412401"/><trkpt lat="37.92876285498092" lon="-105.50563984157735"/><trkpt lat="37.92881546240508" lon="-105.505738059449"/><trkpt lat="37.92881546240508" lon="-105.505738059449"/><trkpt lat="37.928864678464336" lon="-105.50586771446777"/><trkpt lat="37.928864678464336" lon="-105.50586771446777"/><trkpt lat="37.92881546240508" lon="-105.505738059449"/><trkpt lat="37.92881546240508" lon="-105.505738059449"/><trkpt lat="37.92876285498092" lon="-105.50563984157735"/><trkpt lat="37.92822995355714" lon="-105.50564744412401"/><trkpt lat="37.92791611111104" lon="-105.50537208252052"/><trkpt lat="37.92762008171896" lon="-105.50511240940928"/><trkpt lat="37.927466314168896" lon="-105.50492581742581"/><trkpt lat="37.927088843771045" lon="-105.50437926902771"/><trkpt lat="37.926920347528444" lon="-105.50425217905686"/><trkpt lat="37.926920347528444" lon="-105.50425217905686"/><trkpt lat="37.9268676014813" lon="-105.50421240850929"/><trkpt lat="37.9268676014813" lon="-105.50421240850929"/><trkpt lat="37.925440914366874" lon="-105.50341844775438"/><trkpt lat="37.92518680262726" lon="-105.50296673343549"/><trkpt lat="37.92517054141756" lon="-105.50266087375462"/><trkpt lat="37.92525642418179" lon="-105.50257012659357"/><trkpt lat="37.925290818893984" lon="-105.50235242129773"/><trkpt lat="37.92512335270455" lon="-105.50205842686312"/><trkpt lat="37.925148351280654" lon="-105.50180314828752"/><trkpt lat="37.92499839449613" lon="-105.50169372434998"/><trkpt lat="37.92491958483804" lon="-105.50109624328374"/><trkpt lat="37.92458815434016" lon="-105.50062598402442"/><trkpt lat="37.924339590134764" lon="-105.49993612981895"/><trkpt lat="37.92436961616376" lon="-105.49972000655595"/><trkpt lat="37.92456572149863" lon="-105.49929461550555"/><trkpt lat="37.92456898067499" lon="-105.49852253953816"/><trkpt lat="37.924705380672755" lon="-105.49784898905993"/><trkpt lat="37.92470090797329" lon="-105.49724548747986"/><trkpt lat="37.92456346781285" lon="-105.496499119546"/><trkpt lat="37.92457154640957" lon="-105.49625065250065"/><trkpt lat="37.92501781086592" lon="-105.49377762756669"/><trkpt lat="37.925015869228936" lon="-105.49256179138992"/><trkpt lat="37.92493373105031" lon="-105.49202873421623"/><trkpt lat="37.92478751885138" lon="-105.49169053075303"/><trkpt lat="37.92456703903801" lon="-105.49062410878817"/><trkpt lat="37.924499844529706" lon="-105.48987818030787"/><trkpt lat="37.92437519837008" lon="-105.48942475212006"/><trkpt lat="37.92440591784085" lon="-105.48879488332614"/><trkpt lat="37.92449818026944" lon="-105.48858249541843"/><trkpt lat="37.9245698821493" lon="-105.48768631776444"/><trkpt lat="37.9245698821493" lon="-105.48768631776444"/><trkpt lat="37.92517172026858" lon="-105.48765929137024"/><trkpt lat="37.92534681431757" lon="-105.48762070734728"/><trkpt lat="37.92561822742955" lon="-105.48743292883918"/><trkpt lat="37.92577172076715" lon="-105.48732671291265"/><trkpt lat="37.92580198950077" lon="-105.48732724025693"/><trkpt lat="37.92596241725615" lon="-105.48739188387626"/><trkpt lat="37.926071010238616" lon="-105.48748641033798"/><trkpt lat="37.92643815298807" lon="-105.48783173294892"/><trkpt lat="37.926532114349016" lon="-105.4879008589946"/><trkpt lat="37.92668591973541" lon="-105.48786403278591"/><trkpt lat="37.9268676014813" lon="-105.48755030688625"/><trkpt lat="37.9268676014813" lon="-105.48755030688625"/><trkpt lat="37.92698889659629" lon="-105.48706813843532"/><trkpt lat="37.9268676014813" lon="-105.48627681440182"/><trkpt lat="37.9268676014813" lon="-105.48627681440182"/><trkpt lat="37.926850716174" lon="-105.48613513457263"/><trkpt lat="37.9268676014813" lon="-105.48585370850996"/><trkpt lat="37.9268676014813" lon="-105.48585370850996"/><trkpt lat="37.92690055909683" lon="-105.4857407689439"/><trkpt lat="37.92700012505836" lon="-105.48567080793643"/><trkpt lat="37.927320656063664" lon="-105.48547885461947"/><trkpt lat="37.9278722715909" lon="-105.48489754544443"/><trkpt lat="37.92805719465765" lon="-105.48399455626019"/><trkpt lat="37.92818843597207" lon="-105.48387555223492"/><trkpt lat="37.92820548659966" lon="-105.48384030805906"/><trkpt lat="37.928482316707814" lon="-105.4832259959213"/><trkpt lat="37.92895453591836" lon="-105.48224750861469"/><trkpt lat="37.92898395864768" lon="-105.4814610185704"/><trkpt lat="37.92912861173624" lon="-105.48092695065351"/><trkpt lat="37.92946283176167" lon="-105.48030661800193"/><trkpt lat="37.92967897965658" lon="-105.47999355128262"/><trkpt lat="37.92970344661406" lon="-105.47996191062597"/><trkpt lat="37.92975210328305" lon="-105.47983227182446"/><trkpt lat="37.92982817264802" lon="-105.47939057704683"/><trkpt lat="37.92972867599798" lon="-105.47832107890702"/><trkpt lat="37.929745068166376" lon="-105.47781970633532"/><trkpt lat="37.92978239240605" lon="-105.47687303546678"/><trkpt lat="37.929761772236496" lon="-105.47662698541605"/><trkpt lat="37.92975376675891" lon="-105.47638247345279"/><trkpt lat="37.92985402583539" lon="-105.47602563715844"/><trkpt lat="37.92985378324516" lon="-105.4758381223225"/><trkpt lat="37.92985125337562" lon="-105.47580771213583"/><trkpt lat="37.929757821481324" lon="-105.4755023358539"/><trkpt lat="37.92980585434686" lon="-105.47519080722206"/><trkpt lat="37.92975144482385" lon="-105.47510063135063"/><trkpt lat="37.929632644922656" lon="-105.47495235971799"/><trkpt lat="37.92966075073358" lon="-105.4746159580144"/><trkpt lat="37.92960384599678" lon="-105.47445819418476"/><trkpt lat="37.929556922115154" lon="-105.47432815987503"/><trkpt lat="37.92944581578982" lon="-105.47416125541126"/><trkpt lat="37.92928511709033" lon="-105.47406035687285"/><trkpt lat="37.929140706591994" lon="-105.47411884814228"/><trkpt lat="37.9282946904928" lon="-105.47524903481934"/><trkpt lat="37.92817069222953" lon="-105.47524459633834"/><trkpt lat="37.927836888073074" lon="-105.47493513313826"/><trkpt lat="37.92740850838267" lon="-105.47426703188422"/><trkpt lat="37.92711812787738" lon="-105.47406009320072"/><trkpt lat="37.92705172746586" lon="-105.4739900882479"/><trkpt lat="37.92687692387728" lon="-105.4737169678576"/><trkpt lat="37.9267397308174" lon="-105.47353481435513"/><trkpt lat="37.926670906720915" lon="-105.47343382792602"/><trkpt lat="37.92664490265424" lon="-105.47299222103909"/><trkpt lat="37.926640846019836" lon="-105.47292305104806"/><trkpt lat="37.92646228476195" lon="-105.47235879267129"/><trkpt lat="37.92629634414443" lon="-105.47217672705953"/><trkpt lat="37.92610003077703" lon="-105.47209661467474"/><trkpt lat="37.9259810361679" lon="-105.47191955883362"/><trkpt lat="37.9258021975333" lon="-105.4718388751592"/><trkpt lat="37.92581343129011" lon="-105.4715999442562"/><trkpt lat="37.925553806688356" lon="-105.47124754644285"/><trkpt lat="37.9250441269814" lon="-105.47074103226447"/><trkpt lat="37.924875689973476" lon="-105.47055338559245"/><trkpt lat="37.924412054800584" lon="-105.47010347303316"/><trkpt lat="37.92439000335204" lon="-105.47007380991757"/><trkpt lat="37.92372565145646" lon="-105.46894177753553"/><trkpt lat="37.923515607941845" lon="-105.46875"/><trkpt lat="37.923515607941845" lon="-105.46875"/><trkpt lat="37.923431666814594" lon="-105.46861403306715"/><trkpt lat="37.92340427586436" lon="-105.46835835898337"/><trkpt lat="37.923486448715074" lon="-105.4677951113498"/><trkpt lat="37.92358803793557" lon="-105.46772479877949"/><trkpt lat="37.92362895100049" lon="-105.46772646870303"/><trkpt lat="37.92383594337127" lon="-105.46772875386156"/><trkpt lat="37.92395982674495" lon="-105.46765286023098"/><trkpt lat="37.923990268839006" lon="-105.46739846056252"/><trkpt lat="37.923966622474374" lon="-105.46730846047252"/><trkpt lat="37.92384464606559" lon="-105.46700971993941"/><trkpt lat="37.92378001729186" lon="-105.46664282015844"/><trkpt lat="37.923641120903696" lon="-105.46642072032697"/><trkpt lat="37.92352784718923" lon="-105.46625095941502"/><trkpt lat="37.92353259726541" lon="-105.46617335191554"/><trkpt lat="37.92368983518861" lon="-105.46547053382992"/><trkpt lat="37.92372010392223" lon="-105.4653620766902"/><trkpt lat="37.92376673788181" lon="-105.4652458412224"/><trkpt lat="37.92384946548595" lon="-105.46503969355531"/><trkpt lat="37.92395618617561" lon="-105.46470206138174"/><trkpt lat="37.92400444972337" lon="-105.46442155817155"/><trkpt lat="37.92417396156605" lon="-105.46402754410568"/><trkpt lat="37.924196949160994" lon="-105.46397749034467"/><trkpt lat="37.924386362782705" lon="-105.46365422830267"/><trkpt lat="37.92458291885473" lon="-105.46331510198698"/><trkpt lat="37.92486320802147" lon="-105.46285407125251"/><trkpt lat="37.92492072901697" lon="-105.46264084838303"/><trkpt lat="37.92496750166491" lon="-105.46246519879332"/><trkpt lat="37.92519911121882" lon="-105.46230075526951"/><trkpt lat="37.9252163779191" lon="-105.46226652183684"/><trkpt lat="37.92524023231626" lon="-105.46218698074166"/><trkpt lat="37.92533218269605" lon="-105.46172849883787"/><trkpt lat="37.92545384705603" lon="-105.46099285357099"/><trkpt lat="37.925599019092296" lon="-105.46077070979415"/><trkpt lat="37.926124578615976" lon="-105.46013007438789"/><trkpt lat="37.92650798257513" lon="-105.45982865318803"/><trkpt lat="37.9265737555278" lon="-105.45967721748971"/><trkpt lat="37.92665142100695" lon="-105.45953593316875"/><trkpt lat="37.926808797618506" lon="-105.45931247103123"/><trkpt lat="37.92650874536109" lon="-105.45871674777925"/><trkpt lat="37.92627106819162" lon="-105.45853547318391"/><trkpt lat="37.92616313397885" lon="-105.45833934505809"/><trkpt lat="37.92629745365128" lon="-105.45769580925831"/><trkpt lat="37.92646758959155" lon="-105.45752639990921"/><trkpt lat="37.926556350139165" lon="-105.45727459301678"/><trkpt lat="37.926620181454844" lon="-105.45721429998774"/><trkpt lat="37.926749126953496" lon="-105.45719140445703"/><trkpt lat="37.92687144826923" lon="-105.45717567201942"/><trkpt lat="37.92687144826923" lon="-105.45717567201942"/><trkpt lat="37.92706746117506" lon="-105.4571199932528"/><trkpt lat="37.92779474668455" lon="-105.45727037426256"/><trkpt lat="37.92800458723349" lon="-105.45726527660122"/><trkpt lat="37.928221982735295" lon="-105.45739122399279"/><trkpt lat="37.92845053738769" lon="-105.457458811951"/><trkpt lat="37.92863241074868" lon="-105.45718947086135"/><trkpt lat="37.9288533411367" lon="-105.45703460742523"/><trkpt lat="37.92899175619078" lon="-105.45704199024512"/><trkpt lat="37.92913530029544" lon="-105.45712961728587"/><trkpt lat="37.92923836648744" lon="-105.4571925470363"/><trkpt lat="37.92952434571284" lon="-105.4573126057501"/><trkpt lat="37.92991900536128" lon="-105.45725393869925"/><trkpt lat="37.93015355545792" lon="-105.45730223464598"/><trkpt lat="37.93018377526943" lon="-105.45731453934579"/><trkpt lat="37.93083024357659" lon="-105.45716679505742"/><trkpt lat="37.93083024357659" lon="-105.45716679505742"/><trkpt lat="37.93102864772897" lon="-105.45713827452109"/><trkpt lat="37.93121987814169" lon="-105.45717778139654"/><trkpt lat="37.931528279635494" lon="-105.45725103830573"/><trkpt lat="37.932067627028246" lon="-105.4572631672241"/><trkpt lat="37.93241418449965" lon="-105.45725455393425"/><trkpt lat="37.93264953167848" lon="-105.45715084289303"/><trkpt lat="37.932687029196885" lon="-105.45713405576687"/><trkpt lat="37.934271836513624" lon="-105.45562343413906"/><trkpt lat="37.93453182392867" lon="-105.45545912245132"/><trkpt lat="37.93404217975795" lon="-105.45591848274009"/><trkpt lat="37.93404217975795" lon="-105.45591848274009"/><trkpt lat="37.93453182392867" lon="-105.45545912245132"/><trkpt lat="37.934745684544275" lon="-105.45536415653604"/><trkpt lat="37.934745684544275" lon="-105.45536415653604"/><trkpt lat="37.934791291507516" lon="-105.45537668096262"/><trkpt lat="37.93521681566064" lon="-105.4555323913947"/><trkpt lat="37.93521681566064" lon="-105.4555323913947"/><trkpt lat="37.934791291507516" lon="-105.45537668096262"/><trkpt lat="37.934745684544275" lon="-105.45536415653604"/><trkpt lat="37.934745684544275" lon="-105.45536415653604"/><trkpt lat="37.93453182392867" lon="-105.45545912245132"/><trkpt lat="37.93410102226593" lon="-105.45586327956794"/><trkpt lat="37.93410102226593" lon="-105.45586327956794"/><trkpt lat="37.93453182392867" lon="-105.45545912245132"/><trkpt lat="37.934271836513624" lon="-105.45562343413906"/><trkpt lat="37.932687029196885" lon="-105.45713405576687"/><trkpt lat="37.93264953167848" lon="-105.45715084289303"/><trkpt lat="37.93241418449965" lon="-105.45725455393425"/><trkpt lat="37.932067627028246" lon="-105.4572631672241"/><trkpt lat="37.931528279635494" lon="-105.45725103830573"/><trkpt lat="37.93121987814169" lon="-105.45717778139654"/><trkpt lat="37.93102864772897" lon="-105.45713827452109"/><trkpt lat="37.93083024357659" lon="-105.45716679505742"/><trkpt lat="37.93083024357659" lon="-105.45716679505742"/><trkpt lat="37.93018377526943" lon="-105.45731453934579"/><trkpt lat="37.93037618397756" lon="-105.45753681495869"/><trkpt lat="37.93126704461355" lon="-105.45752552100208"/><trkpt lat="37.933391441913265" lon="-105.45863399867306"/><trkpt lat="37.933475204854105" lon="-105.45876157204282"/><trkpt lat="37.93348289842997" lon="-105.45923130395786"/><trkpt lat="37.933356994100606" lon="-105.45971830639799"/><trkpt lat="37.93355162077655" lon="-105.45995433690746"/><trkpt lat="37.93415116520208" lon="-105.46031337046962"/><trkpt lat="37.934425534752194" lon="-105.46088716498873"/><trkpt lat="37.93453334878154" lon="-105.46136955316643"/><trkpt lat="37.93455369170512" lon="-105.46226089683121"/><trkpt lat="37.934865662740876" lon="-105.46297342684062"/><trkpt lat="37.934897303438014" lon="-105.46341925248176"/><trkpt lat="37.93475136808681" lon="-105.4641409231253"/><trkpt lat="37.93476006667934" lon="-105.46435177294552"/><trkpt lat="37.934827991943735" lon="-105.46526750628313"/><trkpt lat="37.93512786812374" lon="-105.46662427521802"/><trkpt lat="37.93521090329389" lon="-105.46853374490094"/><trkpt lat="37.9351665785933" lon="-105.46875"/><trkpt lat="37.9351665785933" lon="-105.46875"/><trkpt lat="37.93489643704434" lon="-105.4700686243655"/><trkpt lat="37.93490801206388" lon="-105.47033229650417"/><trkpt lat="37.93483513102765" lon="-105.47067507028444"/><trkpt lat="37.934939687416765" lon="-105.47076608111765"/><trkpt lat="37.935212566769756" lon="-105.47050886894637"/><trkpt lat="37.936091540484476" lon="-105.46993696407759"/><trkpt lat="37.93669940228932" lon="-105.46961506434162"/><trkpt lat="37.93692095648079" lon="-105.46906847199816"/><trkpt lat="37.93707361504695" lon="-105.46906341828218"/><trkpt lat="37.93715918008664" lon="-105.46913623573779"/><trkpt lat="37.93753134815518" lon="-105.46909044467638"/><trkpt lat="37.93758402489083" lon="-105.46904258818321"/><trkpt lat="37.937613620898894" lon="-105.46875"/><trkpt lat="37.937613620898894" lon="-105.46875"/><trkpt lat="37.93765763369776" lon="-105.46851915504259"/><trkpt lat="37.93774742781531" lon="-105.46834378930082"/><trkpt lat="37.93774742781531" lon="-105.46834378930082"/><trkpt lat="37.937891629302456" lon="-105.46806216728092"/><trkpt lat="37.93824567241524" lon="-105.46787166416073"/><trkpt lat="37.938686077649905" lon="-105.46790198645667"/><trkpt lat="37.939317643985795" lon="-105.46812351499851"/><trkpt lat="37.940292371529864" lon="-105.46854372049684"/><trkpt lat="37.9404864783696" lon="-105.46869594721157"/><trkpt lat="37.94069850223061" lon="-105.46875"/><trkpt lat="37.94069850223061" lon="-105.46875"/><trkpt lat="37.94160925526546" lon="-105.46916967815406"/><trkpt lat="37.94196548169032" lon="-105.4694317682599"/><trkpt lat="37.942655546927384" lon="-105.46980354597542"/><trkpt lat="37.943104685410326" lon="-105.46986638783514"/><trkpt lat="37.944802678397224" lon="-105.47076274127055"/><trkpt lat="37.946061894969574" lon="-105.47162995893464"/><trkpt lat="37.94629446968863" lon="-105.47172782524345"/><trkpt lat="37.94762660195297" lon="-105.47184080875488"/><trkpt lat="37.94818816367963" lon="-105.47213950534262"/><trkpt lat="37.94858223418037" lon="-105.47246285527535"/><trkpt lat="37.948934891063274" lon="-105.47264434959747"/><trkpt lat="37.94980516618546" lon="-105.47328217250092"/><trkpt lat="37.95015744185515" lon="-105.47344103496447"/><trkpt lat="37.95051689126449" lon="-105.47349961412462"/><trkpt lat="37.950714740924916" lon="-105.47362529784405"/><trkpt lat="37.95076204601976" lon="-105.4737159571144"/><trkpt lat="37.95070777511974" lon="-105.47397259799604"/><trkpt lat="37.95080408344104" lon="-105.47399856970169"/><trkpt lat="37.95110191493197" lon="-105.473853374244"/><trkpt lat="37.95121821961937" lon="-105.47389468287906"/><trkpt lat="37.951485242151094" lon="-105.47414824758575"/><trkpt lat="37.95195198575358" lon="-105.47421385800293"/><trkpt lat="37.95218618929275" lon="-105.47418889704046"/><trkpt lat="37.9534970082726" lon="-105.47455351166289"/><trkpt lat="37.95524819783136" lon="-105.47534096850504"/><trkpt lat="37.95541721391016" lon="-105.47549411807225"/><trkpt lat="37.95566226469819" lon="-105.47555445504665"/><trkpt lat="37.95592395024485" lon="-105.47571274622055"/><trkpt lat="37.956042438244324" lon="-105.47590026105651"/><trkpt lat="37.956252278793265" lon="-105.47590162336256"/><trkpt lat="37.95695045347515" lon="-105.47641437778157"/><trkpt lat="37.95726880116839" lon="-105.47648838176183"/><trkpt lat="37.95747711686445" lon="-105.47655249803687"/><trkpt lat="37.95873654137129" lon="-105.47698096526221"/><trkpt lat="37.959336744256014" lon="-105.47732466189497"/><trkpt lat="37.95982861327518" lon="-105.47752979881886"/><trkpt lat="37.95994516055281" lon="-105.4775310732342"/><trkpt lat="37.960751183919804" lon="-105.47753428124521"/><trkpt lat="37.96118133105331" lon="-105.4778344719751"/><trkpt lat="37.96150667920747" lon="-105.47842667959856"/><trkpt lat="37.9615233139661" lon="-105.47849519040925"/><trkpt lat="37.9615233139661" lon="-105.47849519040925"/><trkpt lat="37.96191747570327" lon="-105.47994855123761"/><trkpt lat="37.962115439876555" lon="-105.48012666176729"/><trkpt lat="37.962357569285366" lon="-105.47964515249672"/><trkpt lat="37.96251964703984" lon="-105.47945108980265"/><trkpt lat="37.96262228358323" lon="-105.47891877970002"/><trkpt lat="37.96286382412223" lon="-105.47832740703835"/><trkpt lat="37.963015302220185" lon="-105.47835078596798"/><trkpt lat="37.963578712067715" lon="-105.47862720226001"/><trkpt lat="37.96365935259185" lon="-105.47888041540385"/><trkpt lat="37.96433153015664" lon="-105.47951705178268"/><trkpt lat="37.96433153015664" lon="-105.47951705178268"/><trkpt lat="37.96459309226907" lon="-105.4799719741126"/><trkpt lat="37.964857321615334" lon="-105.48083484118641"/><trkpt lat="37.9648549314967" lon="-105.48141544723576"/><trkpt lat="37.964640721444624" lon="-105.48309894989582"/><trkpt lat="37.964393049731754" lon="-105.48386329148047"/><trkpt lat="37.96417395552421" lon="-105.48482420064451"/><trkpt lat="37.964148460925514" lon="-105.48532680368618"/><trkpt lat="37.964023308771864" lon="-105.48602259051478"/><trkpt lat="37.96392011799807" lon="-105.48629342574655"/><trkpt lat="37.963734173696714" lon="-105.48656096507659"/><trkpt lat="37.962688410198595" lon="-105.48750996504903"/><trkpt lat="37.96253842159486" lon="-105.48768697694479"/><trkpt lat="37.96248324103002" lon="-105.48786438434875"/><trkpt lat="37.962358435270374" lon="-105.48793364223052"/><trkpt lat="37.96240661867633" lon="-105.48802403782872"/><trkpt lat="37.9626284840359" lon="-105.48801511692136"/><trkpt lat="37.96287660606098" lon="-105.48813904282655"/><trkpt lat="37.96287660606098" lon="-105.48813904282655"/><trkpt lat="37.9634217609445" lon="-105.4883238330504"/><trkpt lat="37.96355834410028" lon="-105.48843321304258"/><trkpt lat="37.963517331050205" lon="-105.48864300817426"/><trkpt lat="37.963595165782905" lon="-105.48885882381977"/><trkpt lat="37.96419324967024" lon="-105.49015969426125"/><trkpt lat="37.964649069540116" lon="-105.49054636945262"/><trkpt lat="37.964752430332894" lon="-105.4906869854081"/><trkpt lat="37.964752430332894" lon="-105.4906869854081"/><trkpt lat="37.9652001477611" lon="-105.49129607723357"/><trkpt lat="37.96534913182223" lon="-105.49185343618937"/><trkpt lat="37.96578610785829" lon="-105.49291537572788"/><trkpt lat="37.965820781898096" lon="-105.49347436066186"/><trkpt lat="37.965911156093746" lon="-105.49354238807364"/><trkpt lat="37.96613880623318" lon="-105.49346869171087"/><trkpt lat="37.96658828709279" lon="-105.49280239221646"/><trkpt lat="37.9669168071662" lon="-105.49277940879503"/><trkpt lat="37.96705238577937" lon="-105.49268923292361"/><trkpt lat="37.96707098713738" lon="-105.4925527386465"/><trkpt lat="37.966781401750026" lon="-105.49215419820888"/><trkpt lat="37.96666290036126" lon="-105.49169703466579"/><trkpt lat="37.966674954872595" lon="-105.49155948570011"/><trkpt lat="37.96682314222751" lon="-105.49122558888183"/><trkpt lat="37.967090073447004" lon="-105.49102620879965"/><trkpt lat="37.96725083490427" lon="-105.49098380153067"/><trkpt lat="37.96774226407776" lon="-105.49140000800158"/><trkpt lat="37.96812288180937" lon="-105.49226454499892"/><trkpt lat="37.96863838536615" lon="-105.49275673299111"/><trkpt lat="37.969097842373074" lon="-105.49280533655534"/><trkpt lat="37.96932594282472" lon="-105.492705185088"/><trkpt lat="37.96953471449093" lon="-105.49250373957405"/><trkpt lat="37.97000373197237" lon="-105.49246550711395"/><trkpt lat="37.97086410539954" lon="-105.49271318314287"/><trkpt lat="37.971314313686555" lon="-105.49294512673418"/><trkpt lat="37.9716287008846" lon="-105.493186254905"/><trkpt lat="37.971843984758095" lon="-105.49348394074957"/><trkpt lat="37.97227521065369" lon="-105.49381700260606"/><trkpt lat="37.972398838673726" lon="-105.49415494239713"/><trkpt lat="37.97263279318403" lon="-105.49443179814274"/><trkpt lat="37.972843400738476" lon="-105.49480265300578"/><trkpt lat="37.97306838364408" lon="-105.49482989912677"/><trkpt lat="37.97349458682662" lon="-105.49541560283748"/><trkpt lat="37.973790026272646" lon="-105.49607680467055"/><trkpt lat="37.97377374575446" lon="-105.49663504253348"/><trkpt lat="37.97387180989699" lon="-105.49707713281931"/><trkpt lat="37.97448291819887" lon="-105.49681390013421"/><trkpt lat="37.9750110997762" lon="-105.497435243529"/><trkpt lat="37.97508761821168" lon="-105.49741867612961"/><trkpt lat="37.97529005086763" lon="-105.49715271883241"/><trkpt lat="37.975598930401006" lon="-105.49644660484505"/><trkpt lat="37.97625773715724" lon="-105.49565150151088"/><trkpt lat="37.97679336620565" lon="-105.49532736056173"/><trkpt lat="37.97703282838062" lon="-105.49531123261592"/><trkpt lat="37.97733360229431" lon="-105.49545620834684"/><trkpt lat="37.978480443562795" lon="-105.49494011408073"/><trkpt lat="37.979103987409424" lon="-105.494545748452"/><trkpt lat="37.97931494135787" lon="-105.49427478138416"/><trkpt lat="37.97954744101336" lon="-105.4941169296638"/><trkpt lat="37.979665180335324" lon="-105.49411231540138"/><trkpt lat="37.979776095695414" lon="-105.49421716902185"/><trkpt lat="37.979858364271365" lon="-105.49448026987089"/><trkpt lat="37.98030503933954" lon="-105.49462814599534"/><trkpt lat="37.98079792336785" lon="-105.49470390778984"/><trkpt lat="37.98142132865688" lon="-105.4951066230363"/><trkpt lat="37.98189675442739" lon="-105.4952329659361"/><trkpt lat="37.982296112074614" lon="-105.4957283619393"/><trkpt lat="37.98235274749427" lon="-105.4958953542938"/><trkpt lat="37.98170149212732" lon="-105.49674675162956"/><trkpt lat="37.98165975164984" lon="-105.49704272360522"/><trkpt lat="37.98114119982583" lon="-105.4978358933437"/><trkpt lat="37.981001845518016" lon="-105.49815001475157"/><trkpt lat="37.98085300001449" lon="-105.4982537257928"/><trkpt lat="37.98084773482563" lon="-105.49850720260876"/><trkpt lat="37.98051394956336" lon="-105.49926583129708"/><trkpt lat="37.98053213524857" lon="-105.49949250144563"/><trkpt lat="37.98058322836417" lon="-105.49966336099149"/><trkpt lat="37.98066303754269" lon="-105.49989200868107"/><trkpt lat="37.9812857500437" lon="-105.49990501650657"/><trkpt lat="37.981692000931616" lon="-105.50010118857774"/><trkpt lat="37.98214723193169" lon="-105.50022735569611"/><trkpt lat="37.98221616433849" lon="-105.50038169178794"/><trkpt lat="37.98219493038604" lon="-105.50046945066477"/><trkpt lat="37.98200527966885" lon="-105.50088135049073"/><trkpt lat="37.981850684024856" lon="-105.50106688778564"/><trkpt lat="37.98196586003119" lon="-105.50115363591927"/><trkpt lat="37.9821224647604" lon="-105.50114590153653"/><trkpt lat="37.98222233015176" lon="-105.50138834806803"/><trkpt lat="37.982741055172774" lon="-105.50212597087597"/><trkpt lat="37.982834720111455" lon="-105.50219254809099"/><trkpt lat="37.983161612133046" lon="-105.50222994558932"/><trkpt lat="37.98337045307807" lon="-105.50220498462686"/><trkpt lat="37.983576765346854" lon="-105.50196464747246"/><trkpt lat="37.984302737900464" lon="-105.50142890963204"/><trkpt lat="37.985191411717764" lon="-105.50108767393924"/><trkpt lat="37.985651145839896" lon="-105.50015445034977"/><trkpt lat="37.985755860747304" lon="-105.50007600788851"/><trkpt lat="37.98587786071552" lon="-105.50007376667533"/><trkpt lat="37.986157920267765" lon="-105.49982257501789"/><trkpt lat="37.98651127679126" lon="-105.49972554367086"/><trkpt lat="37.986681945117034" lon="-105.49996772653023"/><trkpt lat="37.98697786951467" lon="-105.49991248721717"/><trkpt lat="37.98705747085679" lon="-105.50025952369703"/><trkpt lat="37.986956600922824" lon="-105.50098800587082"/><trkpt lat="37.9866526055449" lon="-105.50237492132024"/><trkpt lat="37.986636013272104" lon="-105.50291114255958"/><trkpt lat="37.98706869402252" lon="-105.50488459668148"/><trkpt lat="37.98727168090887" lon="-105.50537107177732"/><trkpt lat="37.98763265810045" lon="-105.50516865946554"/><trkpt lat="37.98815571304652" lon="-105.50441899562993"/><trkpt lat="37.98851447331647" lon="-105.5041743518306"/><trkpt lat="37.98862414165814" lon="-105.50418116336085"/><trkpt lat="37.98873834776127" lon="-105.50423618294712"/><trkpt lat="37.98905280423811" lon="-105.5048710615117"/><trkpt lat="37.9894054679736" lon="-105.50603956853956"/><trkpt lat="37.98966179953657" lon="-105.50631853366228"/><trkpt lat="37.990265356449164" lon="-105.5062654476717"/><trkpt lat="37.99045337911454" lon="-105.5063510971714"/><trkpt lat="37.99060056192685" lon="-105.5065057848261"/><trkpt lat="37.990793434108284" lon="-105.50657337278432"/><trkpt lat="37.99122746579531" lon="-105.5060128937082"/><trkpt lat="37.991754261796615" lon="-105.50550427015271"/><trkpt lat="37.99233752002058" lon="-105.50517982158607"/><trkpt lat="37.99268710084942" lon="-105.50540521731928"/><trkpt lat="37.992795556812084" lon="-105.50569222444223"/><trkpt lat="37.99296428533144" lon="-105.50582296187766"/><trkpt lat="37.99314402918012" lon="-105.5061737337128"/><trkpt lat="37.99325809672564" lon="-105.50626188809782"/><trkpt lat="37.99333690136156" lon="-105.50623530115718"/><trkpt lat="37.99369250944608" lon="-105.50561400170776"/><trkpt lat="37.99382164513077" lon="-105.50552751724626"/><trkpt lat="37.99402418170492" lon="-105.50556504658067"/><trkpt lat="37.99436350927125" lon="-105.50540165774541"/><trkpt lat="37.99443490107548" lon="-105.50543527594309"/><trkpt lat="37.99459801801197" lon="-105.50576785440067"/><trkpt lat="37.99500849490673" lon="-105.5062498031248"/><trkpt lat="37.99509180266469" lon="-105.50628052092895"/><trkpt lat="37.995497637879794" lon="-105.50618388509014"/><trkpt lat="37.9961626797281" lon="-105.50648658070533"/><trkpt lat="37.9961626797281" lon="-105.50648658070533"/><trkpt lat="37.996471136469125" lon="-105.506600383661"/><trkpt lat="37.996623200899094" lon="-105.50672800920441"/><trkpt lat="37.996878165029855" lon="-105.50677493936483"/><trkpt lat="37.997838954631774" lon="-105.50682676810676"/><trkpt lat="37.998445204214825" lon="-105.5066983552913"/><trkpt lat="37.99866184063065" lon="-105.50678722955595"/><trkpt lat="37.999590188435924" lon="-105.50772780094432"/><trkpt lat="38.000763459687825" lon="-105.50936926312545"/><trkpt lat="38.00114306679397" lon="-105.5097929029519"/><trkpt lat="38.00114306679397" lon="-105.5097929029519"/><trkpt lat="38.002487929875315" lon="-105.51093624062516"/><trkpt lat="38.003173743224316" lon="-105.5111549710373"/><trkpt lat="38.00348448508656" lon="-105.5113044652482"/><trkpt lat="38.003654172648325" lon="-105.51145365329775"/><trkpt lat="38.003832827579714" lon="-105.51149104871915"/><trkpt lat="38.003961867682285" lon="-105.51142863554216"/><trkpt lat="38.00405067580225" lon="-105.51130267201746"/><trkpt lat="38.00418594805358" lon="-105.51089980742513"/><trkpt lat="38.00432513270943" lon="-105.5101503244532"/><trkpt lat="38.004484052503045" lon="-105.50979281547723"/><trkpt lat="38.00474421009111" lon="-105.50974037441262"/><trkpt lat="38.004889557649626" lon="-105.50976849751899"/><trkpt lat="38.00532515022555" lon="-105.50995232553784"/><trkpt lat="38.00580661834102" lon="-105.51000389185576"/><trkpt lat="38.00601823441478" lon="-105.51014700041576"/><trkpt lat="38.00636830806037" lon="-105.51026093617332"/><trkpt lat="38.007107994873174" lon="-105.5101515490986"/><trkpt lat="38.00746166931583" lon="-105.50997918026151"/><trkpt lat="38.007910210911966" lon="-105.50992503344082"/><trkpt lat="38.008018096331774" lon="-105.50979316537591"/><trkpt lat="38.008201667736074" lon="-105.50925795160798"/><trkpt lat="38.00838153447417" lon="-105.50902413181527"/><trkpt lat="38.0085128250749" lon="-105.50898887952329"/><trkpt lat="38.0086912030219" lon="-105.50910163437283"/><trkpt lat="38.009372549997614" lon="-105.5092479794956"/><trkpt lat="38.01016503695972" lon="-105.50851804711242"/><trkpt lat="38.010291272595346" lon="-105.50855207475902"/><trkpt lat="38.01031211567067" lon="-105.50869387119897"/><trkpt lat="38.010121308049186" lon="-105.51035628356355"/><trkpt lat="38.01009901080582" lon="-105.51109754391649"/><trkpt lat="38.010170992124095" lon="-105.51154410210646"/><trkpt lat="38.01025903853699" lon="-105.51177730957647"/><trkpt lat="38.01036041482364" lon="-105.51184982607785"/><trkpt lat="38.010370143900325" lon="-105.51198567424024"/><trkpt lat="38.010370143900325" lon="-105.51198567424024"/><trkpt lat="38.0104152577328" lon="-105.51210892605016"/><trkpt lat="38.01030543342227" lon="-105.5124812619827"/><trkpt lat="38.01032634574369" lon="-105.5126953125"/><trkpt lat="38.01032634574369" lon="-105.5126953125"/><trkpt lat="38.01037866117031" lon="-105.51286432634089"/><trkpt lat="38.01046971978844" lon="-105.51290146016709"/><trkpt lat="38.010611085696354" lon="-105.5126953125"/><trkpt lat="38.010611085696354" lon="-105.5126953125"/><trkpt lat="38.010812107117204" lon="-105.51222482998782"/><trkpt lat="38.010956000507676" lon="-105.51206908133801"/><trkpt lat="38.01108455588757" lon="-105.51224691734197"/><trkpt lat="38.01107863534624" lon="-105.5126953125"/><trkpt lat="38.01107863534624" lon="-105.5126953125"/><trkpt lat="38.011068490792965" lon="-105.51278808114746"/><trkpt lat="38.01112980821224" lon="-105.51281137218638"/><trkpt lat="38.01127349386442" lon="-105.5126953125"/><trkpt lat="38.01127349386442" lon="-105.5126953125"/><trkpt lat="38.0113739699518" lon="-105.5126576546546"/><trkpt lat="38.0115468774571" lon="-105.5126953125"/><trkpt lat="38.0115468774571" lon="-105.5126953125"/><trkpt lat="38.01186243192311" lon="-105.51301013703358"/><trkpt lat="38.011911942882776" lon="-105.51329934142434"/><trkpt lat="38.011984443546794" lon="-105.51330980041918"/><trkpt lat="38.01224865203156" lon="-105.51322502982659"/><trkpt lat="38.01223580688048" lon="-105.5130300882254"/><trkpt lat="38.01229400822538" lon="-105.51296381862788"/><trkpt lat="38.012595297995325" lon="-105.51323557671213"/><trkpt lat="38.012701867739274" lon="-105.51324687066875"/><trkpt lat="38.01297158128879" lon="-105.51309565469722"/><trkpt lat="38.01331327615659" lon="-105.5126953125"/><trkpt lat="38.01331327615659" lon="-105.5126953125"/><trkpt lat="38.01401955172738" lon="-105.51183058165046"/><trkpt lat="38.01401955172738" lon="-105.51183058165046"/><trkpt lat="38.01419155903341" lon="-105.51165646331998"/><trkpt lat="38.01446030313756" lon="-105.51119958311895"/><trkpt lat="38.01475563774312" lon="-105.51089700823569"/><trkpt lat="38.014573451260766" lon="-105.5126953125"/><trkpt lat="38.014573451260766" lon="-105.5126953125"/><trkpt lat="38.01446785096218" lon="-105.51330716369779"/><trkpt lat="38.01440123621644" lon="-105.5142375308391"/><trkpt lat="38.014341996180086" lon="-105.51434532879846"/><trkpt lat="38.01435250239452" lon="-105.51470324096094"/><trkpt lat="38.01435250239452" lon="-105.51470324096094"/><trkpt lat="38.01438267826233" lon="-105.51573123350467"/><trkpt lat="38.01455129250959" lon="-105.51688479911137"/><trkpt lat="38.01450531310089" lon="-105.5177796144593"/><trkpt lat="38.0145468261363" lon="-105.51854044041544"/><trkpt lat="38.01481096537497" lon="-105.51914394199551"/><trkpt lat="38.01520130562622" lon="-105.51951993846525"/><trkpt lat="38.01565431359564" lon="-105.51985137434356"/><trkpt lat="38.01597783136286" lon="-105.51997965083902"/><trkpt lat="38.01624719868189" lon="-105.52027070093476"/><trkpt lat="38.01656541912265" lon="-105.52091507169632"/><trkpt lat="38.01665204599055" lon="-105.52164865153146"/><trkpt lat="38.016530207482106" lon="-105.52201317826318"/><trkpt lat="38.015740594233044" lon="-105.52326298420049"/><trkpt lat="38.015599609178665" lon="-105.52365220822252"/><trkpt lat="38.01509961773213" lon="-105.52464111057861"/><trkpt lat="38.015005027563035" lon="-105.52510218525843"/><trkpt lat="38.01492404425208" lon="-105.52520387481324"/><trkpt lat="38.015027740282996" lon="-105.52531685832467"/><trkpt lat="38.014973659080894" lon="-105.52631960346804"/><trkpt lat="38.0149492844546" lon="-105.52655510663323"/><trkpt lat="38.01483360884883" lon="-105.52679544378763"/><trkpt lat="38.01488900572678" lon="-105.52684431102399"/><trkpt lat="38.01547261183597" lon="-105.52660085374929"/><trkpt lat="38.01582600929423" lon="-105.52651546792171"/><trkpt lat="38.01612442535113" lon="-105.52632122944622"/><trkpt lat="38.016440533785925" lon="-105.52628027237402"/><trkpt lat="38.01670623106179" lon="-105.52640639554701"/><trkpt lat="38.016848531792014" lon="-105.52665974052692"/><trkpt lat="38.01691701618238" lon="-105.52705248017747"/><trkpt lat="38.016996406833094" lon="-105.52719314926347"/><trkpt lat="38.01723624069156" lon="-105.52709871069246"/><trkpt lat="38.01743414603803" lon="-105.52710459937022"/><trkpt lat="38.0183937584563" lon="-105.52752757342601"/><trkpt lat="38.01868213382907" lon="-105.52793169492388"/><trkpt lat="38.01882602721954" lon="-105.52863583137021"/><trkpt lat="38.019109901595975" lon="-105.52933478226447"/><trkpt lat="38.01921886033029" lon="-105.53056740556741"/><trkpt lat="38.01944200587928" lon="-105.53131557526089"/><trkpt lat="38.01953888116959" lon="-105.53188730434825"/><trkpt lat="38.01973543621716" lon="-105.53227679204242"/><trkpt lat="38.02034639453483" lon="-105.5321468456234"/><trkpt lat="38.02061493090069" lon="-105.53230711433837"/><trkpt lat="38.02164496660005" lon="-105.53266772993335"/><trkpt lat="38.02200109927916" lon="-105.5326052396365"/><trkpt lat="38.02212297241064" lon="-105.53267651900464"/><trkpt lat="38.02243205236655" lon="-105.53301454668642"/><trkpt lat="38.02272541345834" lon="-105.53345694458976"/><trkpt lat="38.02292092981445" lon="-105.53429674035142"/><trkpt lat="38.02297040615106" lon="-105.5349480544793"/><trkpt lat="38.023083485028174" lon="-105.53551393883426"/><trkpt lat="38.02314836862147" lon="-105.53560424654175"/><trkpt lat="38.02377057942998" lon="-105.53583539911665"/><trkpt lat="38.02407034578578" lon="-105.53628654214592"/><trkpt lat="38.02448990789014" lon="-105.53642444267444"/><trkpt lat="38.02476478027391" lon="-105.53662250439594"/><trkpt lat="38.02508528583589" lon="-105.53626043860419"/><trkpt lat="38.02508528583589" lon="-105.53626043860419"/><trkpt lat="38.02521217930945" lon="-105.53604356827013"/><trkpt lat="38.025174128578904" lon="-105.53550739097614"/><trkpt lat="38.02530818902354" lon="-105.53521647271647"/><trkpt lat="38.025420367701386" lon="-105.53450003157035"/><trkpt lat="38.025402536831294" lon="-105.53259236364705"/><trkpt lat="38.02531822970767" lon="-105.53186880335318"/><trkpt lat="38.02528786529395" lon="-105.5317513374154"/><trkpt lat="38.02513867457702" lon="-105.53163193788194"/><trkpt lat="38.02513427744983" lon="-105.53152879813037"/><trkpt lat="38.025332944503376" lon="-105.53137362707675"/><trkpt lat="38.025681183127375" lon="-105.5313633878087"/><trkpt lat="38.02581372015787" lon="-105.53144908125377"/><trkpt lat="38.026263161953274" lon="-105.5314066739848"/><trkpt lat="38.0264785173163" lon="-105.531533807901"/><trkpt lat="38.02673697837498" lon="-105.53182622030278"/><trkpt lat="38.02688876582056" lon="-105.53214636222448"/><trkpt lat="38.02695946608604" lon="-105.53245450706389"/><trkpt lat="38.027072302601816" lon="-105.53248720240907"/><trkpt lat="38.02712046326258" lon="-105.5327291215963"/><trkpt lat="38.02753355085683" lon="-105.53306253501566"/><trkpt lat="38.02749660806385" lon="-105.53313478118166"/><trkpt lat="38.02755865256715" lon="-105.53349306767275"/><trkpt lat="38.02789702362227" lon="-105.53408487978801"/><trkpt lat="38.028167602748" lon="-105.53504605262418"/><trkpt lat="38.028182733020294" lon="-105.53535529609748"/><trkpt lat="38.028572588548855" lon="-105.53628227944634"/><trkpt lat="38.028563725048386" lon="-105.53648425230456"/><trkpt lat="38.02865315638322" lon="-105.5366828853157"/><trkpt lat="38.02889416742535" lon="-105.53702957023269"/><trkpt lat="38.029122298693345" lon="-105.5371396533506"/><trkpt lat="38.029328513571514" lon="-105.53738460476741"/><trkpt lat="38.029440311395824" lon="-105.53739897489898"/><trkpt lat="38.02967297828321" lon="-105.53725399916806"/><trkpt lat="38.02998572828228" lon="-105.53692045391264"/><trkpt lat="38.0307856938229" lon="-105.535804373695"/><trkpt lat="38.0307856938229" lon="-105.535804373695"/><trkpt lat="38.0309582081831" lon="-105.5356223520286"/><trkpt lat="38.03130638611248" lon="-105.53546977375102"/><trkpt lat="38.031572338541395" lon="-105.53554439296627"/><trkpt lat="38.031936677796" lon="-105.53541216138872"/><trkpt lat="38.03247865320123" lon="-105.53548269368582"/><trkpt lat="38.03270210861222" lon="-105.53541572096259"/><trkpt lat="38.03369386719489" lon="-105.53678220182127"/><trkpt lat="38.033971862752665" lon="-105.53686139135358"/><trkpt lat="38.03423874956226" lon="-105.53708511716324"/><trkpt lat="38.034722620331436" lon="-105.53772944397944"/><trkpt lat="38.03496701279116" lon="-105.53890854183823"/><trkpt lat="38.03494593731566" lon="-105.53930369848338"/><trkpt lat="38.03468078084067" lon="-105.540386116558"/><trkpt lat="38.03472781133525" lon="-105.54052164403727"/><trkpt lat="38.034861808447125" lon="-105.54050371433183"/><trkpt lat="38.03540312632521" lon="-105.53998964155214"/><trkpt lat="38.03576431637082" lon="-105.53943817127411"/><trkpt lat="38.03657850801625" lon="-105.53853236958706"/><trkpt lat="38.03703251321012" lon="-105.53789445879289"/><trkpt lat="38.03810224067013" lon="-105.53580538443819"/><trkpt lat="38.0383863616124" lon="-105.53539067210943"/><trkpt lat="38.03853350926728" lon="-105.53525408994159"/><trkpt lat="38.03883572950953" lon="-105.53521396783115"/><trkpt lat="38.039399022637106" lon="-105.53529144349457"/><trkpt lat="38.04018819364413" lon="-105.5351389531077"/><trkpt lat="38.04049183276076" lon="-105.53520337700026"/><trkpt lat="38.04096078804562" lon="-105.53511539839666"/><trkpt lat="38.04164468549523" lon="-105.53624844152188"/><trkpt lat="38.04160848689527" lon="-105.53681322724292"/><trkpt lat="38.04167008680724" lon="-105.53692212383619"/><trkpt lat="38.04181155896461" lon="-105.5370026317292"/><trkpt lat="38.04213748479096" lon="-105.53693504377098"/><trkpt lat="38.04233515821633" lon="-105.53705497064873"/><trkpt lat="38.04252314176791" lon="-105.53701445303008"/><trkpt lat="38.04346568963439" lon="-105.53661806591494"/><trkpt lat="38.04437788743188" lon="-105.53601214734027"/><trkpt lat="38.044826563195166" lon="-105.53587323606855"/><trkpt lat="38.04472295075897" lon="-105.53714395999552"/><trkpt lat="38.04449243558278" lon="-105.53795237877269"/><trkpt lat="38.044512265217364" lon="-105.53810566017597"/><trkpt lat="38.04465996657932" lon="-105.5383826038123"/><trkpt lat="38.04455759998404" lon="-105.53906560254217"/><trkpt lat="38.044648788617764" lon="-105.53915670126608"/><trkpt lat="38.04471384919894" lon="-105.53941826402765"/><trkpt lat="38.04483372678043" lon="-105.53946106680482"/><trkpt lat="38.04500129238366" lon="-105.53948730218262"/><trkpt lat="38.04508684012657" lon="-105.53942076891296"/><trkpt lat="38.045305000713675" lon="-105.53940780503281"/><trkpt lat="38.045384353858694" lon="-105.5393351633586"/><trkpt lat="38.045384353858694" lon="-105.5393351633586"/><trkpt lat="38.04548325978477" lon="-105.53923703337766"/><trkpt lat="38.04573782661197" lon="-105.53865308748121"/><trkpt lat="38.04607780275532" lon="-105.53838831670863"/><trkpt lat="38.046494398115016" lon="-105.53783117747962"/><trkpt lat="38.04663186448557" lon="-105.53771120929548"/><trkpt lat="38.04663186448557" lon="-105.53771120929548"/><trkpt lat="38.046949960610036" lon="-105.53743360383986"/><trkpt lat="38.046949960610036" lon="-105.53743360383986"/><trkpt lat="38.04727640553677" lon="-105.53713758791883"/><trkpt lat="38.04745047719811" lon="-105.53706195796039"/><trkpt lat="38.04757502668304" lon="-105.5370555858837"/><trkpt lat="38.04773086061764" lon="-105.53716290044414"/><trkpt lat="38.04808104573517" lon="-105.53719840829216"/><trkpt lat="38.04832921032433" lon="-105.53738328640672"/><trkpt lat="38.04874701691825" lon="-105.53718860847768"/><trkpt lat="38.0488903232303" lon="-105.53687844215187"/><trkpt lat="38.04893956855319" lon="-105.53687149878556"/><trkpt lat="38.04910924516464" lon="-105.53712537110975"/><trkpt lat="38.04929224535255" lon="-105.53699489734646"/><trkpt lat="38.04943562087798" lon="-105.53666640580703"/><trkpt lat="38.04988658068295" lon="-105.53619003814316"/><trkpt lat="38.050507909233204" lon="-105.53645085383367"/><trkpt lat="38.05076856683822" lon="-105.53643446221571"/><trkpt lat="38.05115706156392" lon="-105.53631646893366"/><trkpt lat="38.05149226198376" lon="-105.53650666443635"/><trkpt lat="38.0516189570836" lon="-105.53651373963874"/><trkpt lat="38.05182337881393" lon="-105.53623710361991"/><trkpt lat="38.051850752707395" lon="-105.53587697142385"/><trkpt lat="38.051850752707395" lon="-105.53587697142385"/><trkpt lat="38.05186317650986" lon="-105.53584862666894"/><trkpt lat="38.05197823264837" lon="-105.53590438833054"/><trkpt lat="38.05197823264837" lon="-105.53590438833054"/><trkpt lat="38.05186317650986" lon="-105.53584862666894"/><trkpt lat="38.051850752707395" lon="-105.53587697142385"/><trkpt lat="38.051850752707395" lon="-105.53587697142385"/><trkpt lat="38.05182337881393" lon="-105.53623710361991"/><trkpt lat="38.0516189570836" lon="-105.53651373963874"/><trkpt lat="38.05149226198376" lon="-105.53650666443635"/><trkpt lat="38.05115706156392" lon="-105.53631646893366"/><trkpt lat="38.05076856683822" lon="-105.53643446221571"/><trkpt lat="38.050507909233204" lon="-105.53645085383367"/><trkpt lat="38.04988658068295" lon="-105.53619003814316"/><trkpt lat="38.04943562087798" lon="-105.53666640580703"/><trkpt lat="38.04929224535255" lon="-105.53699489734646"/><trkpt lat="38.04910924516464" lon="-105.53712537110975"/><trkpt lat="38.04893956855319" lon="-105.53687149878556"/><trkpt lat="38.0488903232303" lon="-105.53687844215187"/><trkpt lat="38.04874701691825" lon="-105.53718860847768"/><trkpt lat="38.04832921032433" lon="-105.53738328640672"/><trkpt lat="38.04808104573517" lon="-105.53719840829216"/><trkpt lat="38.04773086061764" lon="-105.53716290044414"/><trkpt lat="38.04757502668304" lon="-105.5370555858837"/><trkpt lat="38.04745047719811" lon="-105.53706195796039"/><trkpt lat="38.04727640553677" lon="-105.53713758791883"/><trkpt lat="38.046949960610036" lon="-105.53743360383986"/><trkpt lat="38.046949960610036" lon="-105.53743360383986"/><trkpt lat="38.046494398115016" lon="-105.53783117747962"/><trkpt lat="38.04648189260393" lon="-105.53784790188772"/><trkpt lat="38.04648189260393" lon="-105.53784790188772"/><trkpt lat="38.04607780275532" lon="-105.53838831670863"/><trkpt lat="38.04573782661197" lon="-105.53865308748121"/><trkpt lat="38.04548325978477" lon="-105.53923703337766"/><trkpt lat="38.045384353858694" lon="-105.5393351633586"/><trkpt lat="38.045384353858694" lon="-105.5393351633586"/><trkpt lat="38.04554870103956" lon="-105.53934689676878"/><trkpt lat="38.04597308290498" lon="-105.53917902550715"/><trkpt lat="38.0464167753046" lon="-105.53936592510811"/><trkpt lat="38.0464167753046" lon="-105.53936592510811"/><trkpt lat="38.047161718959096" lon="-105.53953691649004"/><trkpt lat="38.0473846898764" lon="-105.53951424068612"/><trkpt lat="38.0475304532636" lon="-105.53956877687347"/><trkpt lat="38.04761814662142" lon="-105.5397200807357"/><trkpt lat="38.04769528493814" lon="-105.53966233653733"/><trkpt lat="38.04773058376411" lon="-105.53950707759302"/><trkpt lat="38.04796466342958" lon="-105.5395768188737"/><trkpt lat="38.048110738277" lon="-105.5395584497147"/><trkpt lat="38.048554915170314" lon="-105.53990671666453"/><trkpt lat="38.04870140529804" lon="-105.5398008962462"/><trkpt lat="38.04890648455552" lon="-105.53949143304612"/><trkpt lat="38.04883851701221" lon="-105.53923338591308"/><trkpt lat="38.048861312120614" lon="-105.539179939263"/><trkpt lat="38.048861312120614" lon="-105.539179939263"/><trkpt lat="38.048935623390285" lon="-105.53900570502132"/><trkpt lat="38.04946233724429" lon="-105.53894154480092"/><trkpt lat="38.049853462078595" lon="-105.5391193477131"/><trkpt lat="38.05005338493895" lon="-105.53910137406231"/><trkpt lat="38.050226799073144" lon="-105.53899085149085"/><trkpt lat="38.05074773360957" lon="-105.53894466492123"/><trkpt lat="38.051100998722696" lon="-105.53948339104589"/><trkpt lat="38.05138778438026" lon="-105.53971858659358"/><trkpt lat="38.05138778438026" lon="-105.53971858659358"/><trkpt lat="38.051639617278795" lon="-105.53998344525688"/><trkpt lat="38.051642662667696" lon="-105.54027928539648"/><trkpt lat="38.05234514391097" lon="-105.54043511563043"/><trkpt lat="38.052582165145274" lon="-105.54069927116802"/><trkpt lat="38.05267736815529" lon="-105.54088951061607"/><trkpt lat="38.05267664141475" lon="-105.54104498928717"/><trkpt lat="38.052895182675464" lon="-105.54115349037224"/><trkpt lat="38.052895182675464" lon="-105.54115349037224"/><trkpt lat="38.05380371216359" lon="-105.54196788571788"/><trkpt lat="38.05385465321439" lon="-105.54231654817592"/><trkpt lat="38.05395196723262" lon="-105.54251127005033"/><trkpt lat="38.05426595375019" lon="-105.54287562100062"/><trkpt lat="38.054909499796786" lon="-105.54398638383013"/><trkpt lat="38.05555712943305" lon="-105.54479831823582"/><trkpt lat="38.056094121474615" lon="-105.54518582838895"/><trkpt lat="38.0566349894657" lon="-105.54575566782599"/><trkpt lat="38.0568834655151" lon="-105.54591668361199"/><trkpt lat="38.05806687595871" lon="-105.54623555111836"/><trkpt lat="38.05815806459243" lon="-105.54636119089244"/><trkpt lat="38.05827787296054" lon="-105.54700881361038"/><trkpt lat="38.058285669476554" lon="-105.54711515482029"/><trkpt lat="38.058285669476554" lon="-105.54711515482029"/><trkpt lat="38.058326391542884" lon="-105.54767058673309"/><trkpt lat="38.058433464648296" lon="-105.54793316023785"/><trkpt lat="38.0587191774984" lon="-105.54851662273538"/><trkpt lat="38.05917674718157" lon="-105.54866801448833"/><trkpt lat="38.05917674718157" lon="-105.54866801448833"/><trkpt lat="38.05917470538673" lon="-105.54934569583007"/><trkpt lat="38.05899963013132" lon="-105.55006850905288"/><trkpt lat="38.05842052174544" lon="-105.55149787571662"/><trkpt lat="38.058276869366466" lon="-105.55250290601853"/><trkpt lat="38.0581586529062" lon="-105.55272997167529"/><trkpt lat="38.05799883920201" lon="-105.55344373215468"/><trkpt lat="38.05798932236167" lon="-105.55385717006811"/><trkpt lat="38.05812117385864" lon="-105.55417507077664"/><trkpt lat="38.05824195121412" lon="-105.55428242928242"/><trkpt lat="38.05868709709481" lon="-105.55399889384265"/><trkpt lat="38.05890982576528" lon="-105.55400350810507"/><trkpt lat="38.05945899936247" lon="-105.55377486041549"/><trkpt lat="38.060398674873504" lon="-105.5535151433589"/><trkpt lat="38.060921166711076" lon="-105.55367400582244"/><trkpt lat="38.06172978667906" lon="-105.55421585206741"/><trkpt lat="38.06212333776253" lon="-105.55439101618683"/><trkpt lat="38.06212333776253" lon="-105.55439101618683"/><trkpt lat="38.06230827214448" lon="-105.55447332791083"/><trkpt lat="38.06303743514737" lon="-105.5531746107918"/><trkpt lat="38.06330030758068" lon="-105.55320089011495"/><trkpt lat="38.064050234598845" lon="-105.55399331278238"/><trkpt lat="38.06442876259721" lon="-105.55450255157287"/><trkpt lat="38.064888789355514" lon="-105.5549391926345"/><trkpt lat="38.0650143770412" lon="-105.5552893052893"/><trkpt lat="38.065193639706365" lon="-105.55550727425728"/><trkpt lat="38.06529853259017" lon="-105.55593143483769"/><trkpt lat="38.0653923513325" lon="-105.55593499441156"/><trkpt lat="38.0653923513325" lon="-105.55593499441156"/><trkpt lat="38.06562417572833" lon="-105.55594369559213"/><trkpt lat="38.06596620491753" lon="-105.55531136585824"/><trkpt lat="38.06621224593925" lon="-105.55520150246713"/><trkpt lat="38.066487308248355" lon="-105.55555420789796"/><trkpt lat="38.06681408310175" lon="-105.55581124428781"/><trkpt lat="38.06681408310175" lon="-105.55581124428781"/><trkpt lat="38.06717299237229" lon="-105.5558176163645"/><trkpt lat="38.0678705063893" lon="-105.55545119998246"/><trkpt lat="38.067997695035" lon="-105.55553865124178"/><trkpt lat="38.06885833705122" lon="-105.5553002037377"/><trkpt lat="38.06917656809294" lon="-105.5553328990829"/><trkpt lat="38.06940123229034" lon="-105.55521134622697"/><trkpt lat="38.06940123229034" lon="-105.55521134622697"/><trkpt lat="38.06980123487366" lon="-105.55507454433236"/><trkpt lat="38.070630780182654" lon="-105.55525718123374"/><trkpt lat="38.07098757944302" lon="-105.5556782656392"/><trkpt lat="38.0711210635289" lon="-105.55595186942843"/><trkpt lat="38.07107813692859" lon="-105.556640625"/><trkpt lat="38.07107813692859" lon="-105.556640625"/><trkpt lat="38.07120044833768" lon="-105.55743766192985"/><trkpt lat="38.07135959844887" lon="-105.55774259875822"/><trkpt lat="38.0715268081071" lon="-105.55780421014796"/><trkpt lat="38.07151757248882" lon="-105.55823184241153"/><trkpt lat="38.07198969591149" lon="-105.55826343912281"/><trkpt lat="38.07261484695683" lon="-105.55898062734"/><trkpt lat="38.072778908894975" lon="-105.55929009054009"/><trkpt lat="38.073085898079256" lon="-105.55953912887507"/><trkpt lat="38.073167289127205" lon="-105.5597499786953"/><trkpt lat="38.07335594479042" lon="-105.5599913265929"/><trkpt lat="38.07382063129201" lon="-105.56045943252974"/><trkpt lat="38.0738573316328" lon="-105.56077706956613"/><trkpt lat="38.07357295379655" lon="-105.56169710755225"/><trkpt lat="38.07357295379655" lon="-105.56169710755225"/><trkpt lat="38.07355227950704" lon="-105.56176399438118"/><trkpt lat="38.073549685232244" lon="-105.56202283253064"/><trkpt lat="38.073877601566544" lon="-105.56230852129289"/><trkpt lat="38.07419790802811" lon="-105.56296089010932"/><trkpt lat="38.074233709020305" lon="-105.5637935227779"/><trkpt lat="38.074121013723136" lon="-105.56419456810082"/><trkpt lat="38.07415076140747" lon="-105.56443349900381"/><trkpt lat="38.07466024238721" lon="-105.56556390540766"/><trkpt lat="38.07466024238721" lon="-105.56556390540766"/><trkpt lat="38.07480355012698" lon="-105.56592570752727"/><trkpt lat="38.0748135121422" lon="-105.56617158179658"/><trkpt lat="38.07514125552485" lon="-105.56691430226587"/><trkpt lat="38.07536747628712" lon="-105.5672077693562"/><trkpt lat="38.07597235739872" lon="-105.56760266232922"/><trkpt lat="38.07620892066985" lon="-105.56808544601513"/><trkpt lat="38.076819301644015" lon="-105.56856396700147"/><trkpt lat="38.07720270086864" lon="-105.56897736096955"/><trkpt lat="38.07776209569546" lon="-105.56994749865844"/><trkpt lat="38.07826936289405" lon="-105.57049132244445"/><trkpt lat="38.07837586367941" lon="-105.57079873521258"/><trkpt lat="38.07837586367941" lon="-105.57079873521258"/><trkpt lat="38.07839703580437" lon="-105.5708598482036"/><trkpt lat="38.07831388064956" lon="-105.57130769533113"/><trkpt lat="38.07842771742764" lon="-105.57140485851423"/><trkpt lat="38.0785008759769" lon="-105.57139505869975"/><trkpt lat="38.07866950383869" lon="-105.57113824203668"/><trkpt lat="38.07898745815777" lon="-105.57086824176668"/><trkpt lat="38.07904460138396" lon="-105.57092449182294"/><trkpt lat="38.079141661851686" lon="-105.57090287070756"/><trkpt lat="38.07953830917294" lon="-105.57120987296769"/><trkpt lat="38.079774422769766" lon="-105.57128607421576"/><trkpt lat="38.08021524194322" lon="-105.57161373079342"/><trkpt lat="38.08030825534227" lon="-105.57142916029635"/><trkpt lat="38.08054402303579" lon="-105.57024057024057"/><trkpt lat="38.08035747738274" lon="-105.56968044272732"/><trkpt lat="38.080368615469204" lon="-105.56924722940347"/><trkpt lat="38.08051558978402" lon="-105.56884772216803"/><trkpt lat="38.08075073485159" lon="-105.56843555866993"/><trkpt lat="38.08103406424972" lon="-105.56818080743862"/><trkpt lat="38.08107263246836" lon="-105.56798129552035"/><trkpt lat="38.081189962869836" lon="-105.5678251576689"/><trkpt lat="38.08143513913329" lon="-105.567679566703"/><trkpt lat="38.08182673626627" lon="-105.56836300488644"/><trkpt lat="38.082201487908236" lon="-105.56864188211844"/><trkpt lat="38.08249069766257" lon="-105.56872028063434"/><trkpt lat="38.082551507463805" lon="-105.5688764184858"/><trkpt lat="38.08239349883352" lon="-105.56992504258129"/><trkpt lat="38.08240155838055" lon="-105.57021095107032"/><trkpt lat="38.08252386978964" lon="-105.57041446201602"/><trkpt lat="38.082838607207975" lon="-105.56988395367301"/><trkpt lat="38.083562167743935" lon="-105.56958503735848"/><trkpt lat="38.08380993828219" lon="-105.56957031566407"/><trkpt lat="38.08398008811852" lon="-105.56933657031313"/><trkpt lat="38.084190570280356" lon="-105.56930268844332"/><trkpt lat="38.08450925099638" lon="-105.56936728811729"/><trkpt lat="38.08477521604854" lon="-105.56946247375934"/><trkpt lat="38.084843420764145" lon="-105.56952552581903"/><trkpt lat="38.084843420764145" lon="-105.56952552581903"/><trkpt lat="38.08498808494319" lon="-105.56965926106551"/><trkpt lat="38.08531814587799" lon="-105.56955093576187"/><trkpt lat="38.08531814587799" lon="-105.56955093576187"/><trkpt lat="38.08530507073302" lon="-105.56935124806219"/><trkpt lat="38.08506736598098" lon="-105.56921194128225"/><trkpt lat="38.08509590300375" lon="-105.56911016383673"/><trkpt lat="38.08486739927965" lon="-105.5685628244222"/><trkpt lat="38.08456096354067" lon="-105.56809924485705"/><trkpt lat="38.08453024732707" lon="-105.56793045074295"/><trkpt lat="38.084670268985434" lon="-105.56787160791067"/><trkpt lat="38.08465404612037" lon="-105.56769635382916"/><trkpt lat="38.08456476847704" lon="-105.56731424895487"/><trkpt lat="38.08443557359216" lon="-105.56720680255836"/><trkpt lat="38.08458995023773" lon="-105.56703001038939"/><trkpt lat="38.0844516580959" lon="-105.56685589888716"/><trkpt lat="38.084550344309164" lon="-105.56667106471794"/><trkpt lat="38.08458590316904" lon="-105.56631444815038"/><trkpt lat="38.08437092426423" lon="-105.5664365283506"/><trkpt lat="38.084262310626066" lon="-105.56641789551946"/><trkpt lat="38.08414885434163" lon="-105.56587859810516"/><trkpt lat="38.08408230254551" lon="-105.5658202386718"/><trkpt lat="38.08388870046502" lon="-105.5658587787494"/><trkpt lat="38.083730968557376" lon="-105.56578446715166"/><trkpt lat="38.0836927093239" lon="-105.56552163402473"/><trkpt lat="38.0836927093239" lon="-105.56552163402473"/><trkpt lat="38.08367271844061" lon="-105.56538430073586"/><trkpt lat="38.08360537106689" lon="-105.56530766003422"/><trkpt lat="38.08349267576972" lon="-105.56528300668926"/><trkpt lat="38.08331716443214" lon="-105.56501994978558"/><trkpt lat="38.08309267318639" lon="-105.56482975428288"/><trkpt lat="38.08280619606818" lon="-105.56466333321802"/><trkpt lat="38.08267565216041" lon="-105.5646866682023"/><trkpt lat="38.08267565216041" lon="-105.5646866682023"/><trkpt lat="38.08280619606818" lon="-105.56466333321802"/><trkpt lat="38.08309267318639" lon="-105.56482975428288"/><trkpt lat="38.08331716443214" lon="-105.56501994978558"/><trkpt lat="38.08349267576972" lon="-105.56528300668926"/><trkpt lat="38.08360537106689" lon="-105.56530766003422"/><trkpt lat="38.08367271844061" lon="-105.56538430073586"/><trkpt lat="38.083730968557376" lon="-105.56578446715166"/><trkpt lat="38.08388870046502" lon="-105.5658587787494"/><trkpt lat="38.08408230254551" lon="-105.5658202386718"/><trkpt lat="38.08414885434163" lon="-105.56587859810516"/><trkpt lat="38.084262310626066" lon="-105.56641789551946"/><trkpt lat="38.08437092426423" lon="-105.5664365283506"/><trkpt lat="38.08458590316904" lon="-105.56631444815038"/><trkpt lat="38.084550344309164" lon="-105.56667106471794"/><trkpt lat="38.0844516580959" lon="-105.56685589888716"/><trkpt lat="38.08458995023773" lon="-105.56703001038939"/><trkpt lat="38.08443557359216" lon="-105.56720680255836"/><trkpt lat="38.08456476847704" lon="-105.56731424895487"/><trkpt lat="38.08465404612037" lon="-105.56769635382916"/><trkpt lat="38.084670268985434" lon="-105.56787160791067"/><trkpt lat="38.08453024732707" lon="-105.56793045074295"/><trkpt lat="38.08456096354067" lon="-105.56809924485705"/><trkpt lat="38.08486739927965" lon="-105.5685628244222"/><trkpt lat="38.08509590300375" lon="-105.56911016383673"/><trkpt lat="38.08506736598098" lon="-105.56921194128225"/><trkpt lat="38.08530507073302" lon="-105.56935124806219"/><trkpt lat="38.08531814587799" lon="-105.56955093576187"/><trkpt lat="38.08531814587799" lon="-105.56955093576187"/><trkpt lat="38.08498808494319" lon="-105.56965926106551"/><trkpt lat="38.08477521604854" lon="-105.56946247375934"/><trkpt lat="38.08469782583746" lon="-105.56943477674851"/><trkpt lat="38.08469782583746" lon="-105.56943477674851"/><trkpt lat="38.08450925099638" lon="-105.56936728811729"/><trkpt lat="38.084190570280356" lon="-105.56930268844332"/><trkpt lat="38.08398008811852" lon="-105.56933657031313"/><trkpt lat="38.08380993828219" lon="-105.56957031566407"/><trkpt lat="38.083562167743935" lon="-105.56958503735848"/><trkpt lat="38.082838607207975" lon="-105.56988395367301"/><trkpt lat="38.08252386978964" lon="-105.57041446201602"/><trkpt lat="38.08240155838055" lon="-105.57021095107032"/><trkpt lat="38.08239349883352" lon="-105.56992504258129"/><trkpt lat="38.082551507463805" lon="-105.5688764184858"/><trkpt lat="38.08249069766257" lon="-105.56872028063434"/><trkpt lat="38.082201487908236" lon="-105.56864188211844"/><trkpt lat="38.08182673626627" lon="-105.56836300488644"/><trkpt lat="38.08143513913329" lon="-105.567679566703"/><trkpt lat="38.081189962869836" lon="-105.5678251576689"/><trkpt lat="38.08107263246836" lon="-105.56798129552035"/><trkpt lat="38.08103406424972" lon="-105.56818080743862"/><trkpt lat="38.08075073485159" lon="-105.56843555866993"/><trkpt lat="38.08051558978402" lon="-105.56884772216803"/><trkpt lat="38.080368615469204" lon="-105.56924722940347"/><trkpt lat="38.08035747738274" lon="-105.56968044272732"/><trkpt lat="38.08054402303579" lon="-105.57024057024057"/><trkpt lat="38.08030825534227" lon="-105.57142916029635"/><trkpt lat="38.08021524194322" lon="-105.57161373079342"/><trkpt lat="38.079774422769766" lon="-105.57128607421576"/><trkpt lat="38.07953830917294" lon="-105.57120987296769"/><trkpt lat="38.079141661851686" lon="-105.57090287070756"/><trkpt lat="38.07904460138396" lon="-105.57092449182294"/><trkpt lat="38.07898745815777" lon="-105.57086824176668"/><trkpt lat="38.07866950383869" lon="-105.57113824203668"/><trkpt lat="38.0785008759769" lon="-105.57139505869975"/><trkpt lat="38.07842771742764" lon="-105.57140485851423"/><trkpt lat="38.07831388064956" lon="-105.57130769533113"/><trkpt lat="38.0783874149947" lon="-105.5709116628143"/><trkpt lat="38.0783874149947" lon="-105.5709116628143"/><trkpt lat="38.07839703580437" lon="-105.5708598482036"/><trkpt lat="38.07826936289405" lon="-105.57049132244445"/><trkpt lat="38.07776209569546" lon="-105.56994749865844"/><trkpt lat="38.07720270086864" lon="-105.56897736096955"/><trkpt lat="38.076819301644015" lon="-105.56856396700147"/><trkpt lat="38.07620892066985" lon="-105.56808544601513"/><trkpt lat="38.07597235739872" lon="-105.56760266232922"/><trkpt lat="38.07536747628712" lon="-105.5672077693562"/><trkpt lat="38.07514125552485" lon="-105.56691430226587"/><trkpt lat="38.0748135121422" lon="-105.56617158179658"/><trkpt lat="38.07480355012698" lon="-105.56592570752727"/><trkpt lat="38.07466024238721" lon="-105.56556390540766"/><trkpt lat="38.07466024238721" lon="-105.56556390540766"/><trkpt lat="38.07415076140747" lon="-105.56443349900381"/><trkpt lat="38.074121013723136" lon="-105.56419456810082"/><trkpt lat="38.074233709020305" lon="-105.5637935227779"/><trkpt lat="38.07419790802811" lon="-105.56296089010932"/><trkpt lat="38.073877601566544" lon="-105.56230852129289"/><trkpt lat="38.073549685232244" lon="-105.56202283253064"/><trkpt lat="38.07355227950704" lon="-105.56176399438118"/><trkpt lat="38.0738573316328" lon="-105.56077706956613"/><trkpt lat="38.07382063129201" lon="-105.56045943252974"/><trkpt lat="38.07335594479042" lon="-105.5599913265929"/><trkpt lat="38.073167289127205" lon="-105.5597499786953"/><trkpt lat="38.073085898079256" lon="-105.55953912887507"/><trkpt lat="38.072778908894975" lon="-105.55929009054009"/><trkpt lat="38.07261484695683" lon="-105.55898062734"/><trkpt lat="38.07198969591149" lon="-105.55826343912281"/><trkpt lat="38.07151757248882" lon="-105.55823184241153"/><trkpt lat="38.0715268081071" lon="-105.55780421014796"/><trkpt lat="38.07135959844887" lon="-105.55774259875822"/><trkpt lat="38.07120044833768" lon="-105.55743766192985"/><trkpt lat="38.07107813692859" lon="-105.556640625"/><trkpt lat="38.07107813692859" lon="-105.556640625"/><trkpt lat="38.0711210635289" lon="-105.55595186942843"/><trkpt lat="38.07098757944302" lon="-105.5556782656392"/><trkpt lat="38.070630780182654" lon="-105.55525718123374"/><trkpt lat="38.06980123487366" lon="-105.55507454433236"/><trkpt lat="38.06940123229034" lon="-105.55521134622697"/><trkpt lat="38.06940123229034" lon="-105.55521134622697"/><trkpt lat="38.06917656809294" lon="-105.5553328990829"/><trkpt lat="38.06885833705122" lon="-105.5553002037377"/><trkpt lat="38.067997695035" lon="-105.55553865124178"/><trkpt lat="38.0678705063893" lon="-105.55545119998246"/><trkpt lat="38.06717299237229" lon="-105.5558176163645"/><trkpt lat="38.06681408310175" lon="-105.55581124428781"/><trkpt lat="38.06681408310175" lon="-105.55581124428781"/><trkpt lat="38.066487308248355" lon="-105.55555420789796"/><trkpt lat="38.06621224593925" lon="-105.55520150246713"/><trkpt lat="38.06596620491753" lon="-105.55531136585824"/><trkpt lat="38.06562417572833" lon="-105.55594369559213"/><trkpt lat="38.0653923513325" lon="-105.55593499441156"/><trkpt lat="38.0653923513325" lon="-105.55593499441156"/><trkpt lat="38.06529853259017" lon="-105.55593143483769"/><trkpt lat="38.065193639706365" lon="-105.55550727425728"/><trkpt lat="38.0650143770412" lon="-105.5552893052893"/><trkpt lat="38.064888789355514" lon="-105.5549391926345"/><trkpt lat="38.06442876259721" lon="-105.55450255157287"/><trkpt lat="38.064050234598845" lon="-105.55399331278238"/><trkpt lat="38.06330030758068" lon="-105.55320089011495"/><trkpt lat="38.06303743514737" lon="-105.5531746107918"/><trkpt lat="38.06230827214448" lon="-105.55447332791083"/><trkpt lat="38.06172978667906" lon="-105.55421585206741"/><trkpt lat="38.060921166711076" lon="-105.55367400582244"/><trkpt lat="38.060398674873504" lon="-105.5535151433589"/><trkpt lat="38.05945899936247" lon="-105.55377486041549"/><trkpt lat="38.05890982576528" lon="-105.55400350810507"/><trkpt lat="38.05868709709481" lon="-105.55399889384265"/><trkpt lat="38.05824195121412" lon="-105.55428242928242"/><trkpt lat="38.05812117385864" lon="-105.55417507077664"/><trkpt lat="38.05798932236167" lon="-105.55385717006811"/><trkpt lat="38.05799883920201" lon="-105.55344373215468"/><trkpt lat="38.0581586529062" lon="-105.55272997167529"/><trkpt lat="38.058276869366466" lon="-105.55250290601853"/><trkpt lat="38.05842052174544" lon="-105.55149787571662"/><trkpt lat="38.05899963013132" lon="-105.55006850905288"/><trkpt lat="38.05917470538673" lon="-105.54934569583007"/><trkpt lat="38.05917674718157" lon="-105.54866801448833"/><trkpt lat="38.05917674718157" lon="-105.54866801448833"/><trkpt lat="38.0587191774984" lon="-105.54851662273538"/><trkpt lat="38.058433464648296" lon="-105.54793316023785"/><trkpt lat="38.058326391542884" lon="-105.54767058673309"/><trkpt lat="38.05827787296054" lon="-105.54700881361038"/><trkpt lat="38.05815806459243" lon="-105.54636119089244"/><trkpt lat="38.05806687595871" lon="-105.54623555111836"/><trkpt lat="38.0568834655151" lon="-105.54591668361199"/><trkpt lat="38.0566349894657" lon="-105.54575566782599"/><trkpt lat="38.056094121474615" lon="-105.54518582838895"/><trkpt lat="38.05555712943305" lon="-105.54479831823582"/><trkpt lat="38.054909499796786" lon="-105.54398638383013"/><trkpt lat="38.05426595375019" lon="-105.54287562100062"/><trkpt lat="38.05395196723262" lon="-105.54251127005033"/><trkpt lat="38.05385465321439" lon="-105.54231654817592"/><trkpt lat="38.05380371216359" lon="-105.54196788571788"/><trkpt lat="38.052895182675464" lon="-105.54115349037224"/><trkpt lat="38.052895182675464" lon="-105.54115349037224"/><trkpt lat="38.05267664141475" lon="-105.54104498928717"/><trkpt lat="38.05267736815529" lon="-105.54088951061607"/><trkpt lat="38.052582165145274" lon="-105.54069927116802"/><trkpt lat="38.05234514391097" lon="-105.54043511563043"/><trkpt lat="38.051642662667696" lon="-105.54027928539648"/><trkpt lat="38.051639617278795" lon="-105.53998344525688"/><trkpt lat="38.05138778438026" lon="-105.53971858659358"/><trkpt lat="38.05138778438026" lon="-105.53971858659358"/><trkpt lat="38.051100998722696" lon="-105.53948339104589"/><trkpt lat="38.05074773360957" lon="-105.53894466492123"/><trkpt lat="38.050226799073144" lon="-105.53899085149085"/><trkpt lat="38.05005338493895" lon="-105.53910137406231"/><trkpt lat="38.049853462078595" lon="-105.5391193477131"/><trkpt lat="38.04946233724429" lon="-105.53894154480092"/><trkpt lat="38.048935623390285" lon="-105.53900570502132"/><trkpt lat="38.04883851701221" lon="-105.53923338591308"/><trkpt lat="38.048866195733744" lon="-105.53933847158177"/><trkpt lat="38.048866195733744" lon="-105.53933847158177"/><trkpt lat="38.04890648455552" lon="-105.53949143304612"/><trkpt lat="38.04870140529804" lon="-105.5398008962462"/><trkpt lat="38.048554915170314" lon="-105.53990671666453"/><trkpt lat="38.048110738277" lon="-105.5395584497147"/><trkpt lat="38.04796466342958" lon="-105.5395768188737"/><trkpt lat="38.04773058376411" lon="-105.53950707759302"/><trkpt lat="38.04769528493814" lon="-105.53966233653733"/><trkpt lat="38.04761814662142" lon="-105.5397200807357"/><trkpt lat="38.0475304532636" lon="-105.53956877687347"/><trkpt lat="38.0473846898764" lon="-105.53951424068612"/><trkpt lat="38.047161718959096" lon="-105.53953691649004"/><trkpt lat="38.0464167753046" lon="-105.53936592510811"/><trkpt lat="38.0464167753046" lon="-105.53936592510811"/><trkpt lat="38.04597308290498" lon="-105.53917902550715"/><trkpt lat="38.04554870103956" lon="-105.53934689676878"/><trkpt lat="38.045384353858694" lon="-105.5393351633586"/><trkpt lat="38.045384353858694" lon="-105.5393351633586"/><trkpt lat="38.04548325978477" lon="-105.53923703337766"/><trkpt lat="38.04573782661197" lon="-105.53865308748121"/><trkpt lat="38.04607780275532" lon="-105.53838831670863"/><trkpt lat="38.04640235020134" lon="-105.53795427895558"/><trkpt lat="38.04640235020134" lon="-105.53795427895558"/><trkpt lat="38.046494398115016" lon="-105.53783117747962"/><trkpt lat="38.046949960610036" lon="-105.53743360383986"/><trkpt lat="38.046949960610036" lon="-105.53743360383986"/><trkpt lat="38.04727640553677" lon="-105.53713758791883"/><trkpt lat="38.04745047719811" lon="-105.53706195796039"/><trkpt lat="38.04757502668304" lon="-105.5370555858837"/><trkpt lat="38.04773086061764" lon="-105.53716290044414"/><trkpt lat="38.04808104573517" lon="-105.53719840829216"/><trkpt lat="38.04832921032433" lon="-105.53738328640672"/><trkpt lat="38.04874701691825" lon="-105.53718860847768"/><trkpt lat="38.0488903232303" lon="-105.53687844215187"/><trkpt lat="38.04893956855319" lon="-105.53687149878556"/><trkpt lat="38.04910924516464" lon="-105.53712537110975"/><trkpt lat="38.04929224535255" lon="-105.53699489734646"/><trkpt lat="38.04943562087798" lon="-105.53666640580703"/><trkpt lat="38.04988658068295" lon="-105.53619003814316"/><trkpt lat="38.050507909233204" lon="-105.53645085383367"/><trkpt lat="38.05076856683822" lon="-105.53643446221571"/><trkpt lat="38.05115706156392" lon="-105.53631646893366"/><trkpt lat="38.05149226198376" lon="-105.53650666443635"/><trkpt lat="38.0516189570836" lon="-105.53651373963874"/><trkpt lat="38.05182337881393" lon="-105.53623710361991"/><trkpt lat="38.051850752707395" lon="-105.53587697142385"/><trkpt lat="38.051850752707395" lon="-105.53587697142385"/><trkpt lat="38.051987174881205" lon="-105.53595278653358"/><trkpt lat="38.051987174881205" lon="-105.53595278653358"/><trkpt lat="38.051850752707395" lon="-105.53587697142385"/><trkpt lat="38.051850752707395" lon="-105.53587697142385"/><trkpt lat="38.05182337881393" lon="-105.53623710361991"/><trkpt lat="38.0516189570836" lon="-105.53651373963874"/><trkpt lat="38.05149226198376" lon="-105.53650666443635"/><trkpt lat="38.05115706156392" lon="-105.53631646893366"/><trkpt lat="38.05076856683822" lon="-105.53643446221571"/><trkpt lat="38.050507909233204" lon="-105.53645085383367"/><trkpt lat="38.04988658068295" lon="-105.53619003814316"/><trkpt lat="38.04943562087798" lon="-105.53666640580703"/><trkpt lat="38.04929224535255" lon="-105.53699489734646"/><trkpt lat="38.04910924516464" lon="-105.53712537110975"/><trkpt lat="38.04893956855319" lon="-105.53687149878556"/><trkpt lat="38.0488903232303" lon="-105.53687844215187"/><trkpt lat="38.04874701691825" lon="-105.53718860847768"/><trkpt lat="38.04832921032433" lon="-105.53738328640672"/><trkpt lat="38.04808104573517" lon="-105.53719840829216"/><trkpt lat="38.04773086061764" lon="-105.53716290044414"/><trkpt lat="38.04757502668304" lon="-105.5370555858837"/><trkpt lat="38.04745047719811" lon="-105.53706195796039"/><trkpt lat="38.04727640553677" lon="-105.53713758791883"/><trkpt lat="38.046949960610036" lon="-105.53743360383986"/><trkpt lat="38.046949960610036" lon="-105.53743360383986"/><trkpt lat="38.046494398115016" lon="-105.53783117747962"/><trkpt lat="38.04607780275532" lon="-105.53838831670863"/><trkpt lat="38.04573782661197" lon="-105.53865308748121"/><trkpt lat="38.04548325978477" lon="-105.53923703337766"/><trkpt lat="38.045384353858694" lon="-105.5393351633586"/><trkpt lat="38.045384353858694" lon="-105.5393351633586"/><trkpt lat="38.045305000713675" lon="-105.53940780503281"/><trkpt lat="38.04508684012657" lon="-105.53942076891296"/><trkpt lat="38.04500129238366" lon="-105.53948730218262"/><trkpt lat="38.04483372678043" lon="-105.53946106680482"/><trkpt lat="38.04471384919894" lon="-105.53941826402765"/><trkpt lat="38.044648788617764" lon="-105.53915670126608"/><trkpt lat="38.04455759998404" lon="-105.53906560254217"/><trkpt lat="38.04465996657932" lon="-105.5383826038123"/><trkpt lat="38.044512265217364" lon="-105.53810566017597"/><trkpt lat="38.04449243558278" lon="-105.53795237877269"/><trkpt lat="38.04472295075897" lon="-105.53714395999552"/><trkpt lat="38.044826563195166" lon="-105.53587323606855"/><trkpt lat="38.04437788743188" lon="-105.53601214734027"/><trkpt lat="38.04346568963439" lon="-105.53661806591494"/><trkpt lat="38.04252314176791" lon="-105.53701445303008"/><trkpt lat="38.04233515821633" lon="-105.53705497064873"/><trkpt lat="38.04213748479096" lon="-105.53693504377098"/><trkpt lat="38.04181155896461" lon="-105.5370026317292"/><trkpt lat="38.04167008680724" lon="-105.53692212383619"/><trkpt lat="38.04160848689527" lon="-105.53681322724292"/><trkpt lat="38.04164468549523" lon="-105.53624844152188"/><trkpt lat="38.04096078804562" lon="-105.53511539839666"/><trkpt lat="38.04049183276076" lon="-105.53520337700026"/><trkpt lat="38.04039073214869" lon="-105.53518192622329"/><trkpt lat="38.04039073214869" lon="-105.53518192622329"/><trkpt lat="38.04018819364413" lon="-105.5351389531077"/><trkpt lat="38.039399022637106" lon="-105.53529144349457"/><trkpt lat="38.03883572950953" lon="-105.53521396783115"/><trkpt lat="38.03853350926728" lon="-105.53525408994159"/><trkpt lat="38.0383863616124" lon="-105.53539067210943"/><trkpt lat="38.03810224067013" lon="-105.53580538443819"/><trkpt lat="38.03703251321012" lon="-105.53789445879289"/><trkpt lat="38.03657850801625" lon="-105.53853236958706"/><trkpt lat="38.03576431637082" lon="-105.53943817127411"/><trkpt lat="38.03540312632521" lon="-105.53998964155214"/><trkpt lat="38.034861808447125" lon="-105.54050371433183"/><trkpt lat="38.03472781133525" lon="-105.54052164403727"/><trkpt lat="38.03468078084067" lon="-105.540386116558"/><trkpt lat="38.03494593731566" lon="-105.53930369848338"/><trkpt lat="38.03496701279116" lon="-105.53890854183823"/><trkpt lat="38.034722620331436" lon="-105.53772944397944"/><trkpt lat="38.03423874956226" lon="-105.53708511716324"/><trkpt lat="38.033971862752665" lon="-105.53686139135358"/><trkpt lat="38.03369386719489" lon="-105.53678220182127"/><trkpt lat="38.03270210861222" lon="-105.53541572096259"/><trkpt lat="38.03247865320123" lon="-105.53548269368582"/><trkpt lat="38.031936677796" lon="-105.53541216138872"/><trkpt lat="38.031572338541395" lon="-105.53554439296627"/><trkpt lat="38.03130638611248" lon="-105.53546977375102"/><trkpt lat="38.0309582081831" lon="-105.5356223520286"/><trkpt lat="38.0307856938229" lon="-105.535804373695"/><trkpt lat="38.0307856938229" lon="-105.535804373695"/><trkpt lat="38.02998572828228" lon="-105.53692045391264"/><trkpt lat="38.02967297828321" lon="-105.53725399916806"/><trkpt lat="38.029440311395824" lon="-105.53739897489898"/><trkpt lat="38.029328513571514" lon="-105.53738460476741"/><trkpt lat="38.029122298693345" lon="-105.5371396533506"/><trkpt lat="38.02889416742535" lon="-105.53702957023269"/><trkpt lat="38.02865315638322" lon="-105.5366828853157"/><trkpt lat="38.028563725048386" lon="-105.53648425230456"/><trkpt lat="38.028572588548855" lon="-105.53628227944634"/><trkpt lat="38.028182733020294" lon="-105.53535529609748"/><trkpt lat="38.028167602748" lon="-105.53504605262418"/><trkpt lat="38.02789702362227" lon="-105.53408487978801"/><trkpt lat="38.02755865256715" lon="-105.53349306767275"/><trkpt lat="38.02749660806385" lon="-105.53313478118166"/><trkpt lat="38.02753355085683" lon="-105.53306253501566"/><trkpt lat="38.02712046326258" lon="-105.5327291215963"/><trkpt lat="38.027072302601816" lon="-105.53248720240907"/><trkpt lat="38.02695946608604" lon="-105.53245450706389"/><trkpt lat="38.02688876582056" lon="-105.53214636222448"/><trkpt lat="38.02673697837498" lon="-105.53182622030278"/><trkpt lat="38.0264785173163" lon="-105.531533807901"/><trkpt lat="38.026263161953274" lon="-105.5314066739848"/><trkpt lat="38.02581372015787" lon="-105.53144908125377"/><trkpt lat="38.025681183127375" lon="-105.5313633878087"/><trkpt lat="38.025332944503376" lon="-105.53137362707675"/><trkpt lat="38.02513427744983" lon="-105.53152879813037"/><trkpt lat="38.02513867457702" lon="-105.53163193788194"/><trkpt lat="38.02528786529395" lon="-105.5317513374154"/><trkpt lat="38.02531822970767" lon="-105.53186880335318"/><trkpt lat="38.025402536831294" lon="-105.53259236364705"/><trkpt lat="38.025420367701386" lon="-105.53450003157035"/><trkpt lat="38.02530818902354" lon="-105.53521647271647"/><trkpt lat="38.025174128578904" lon="-105.53550739097614"/><trkpt lat="38.02521217930945" lon="-105.53604356827013"/><trkpt lat="38.02508528583589" lon="-105.53626043860419"/><trkpt lat="38.02508528583589" lon="-105.53626043860419"/><trkpt lat="38.02476478027391" lon="-105.53662250439594"/><trkpt lat="38.02448990789014" lon="-105.53642444267444"/><trkpt lat="38.02407034578578" lon="-105.53628654214592"/><trkpt lat="38.02377057942998" lon="-105.53583539911665"/><trkpt lat="38.02314836862147" lon="-105.53560424654175"/><trkpt lat="38.023083485028174" lon="-105.53551393883426"/><trkpt lat="38.02297040615106" lon="-105.5349480544793"/><trkpt lat="38.02292092981445" lon="-105.53429674035142"/><trkpt lat="38.02272541345834" lon="-105.53345694458976"/><trkpt lat="38.02243205236655" lon="-105.53301454668642"/><trkpt lat="38.02212297241064" lon="-105.53267651900464"/><trkpt lat="38.02200109927916" lon="-105.5326052396365"/><trkpt lat="38.02164496660005" lon="-105.53266772993335"/><trkpt lat="38.02061493090069" lon="-105.53230711433837"/><trkpt lat="38.02034639453483" lon="-105.5321468456234"/><trkpt lat="38.01973543621716" lon="-105.53227679204242"/><trkpt lat="38.01953888116959" lon="-105.53188730434825"/><trkpt lat="38.01944200587928" lon="-105.53131557526089"/><trkpt lat="38.01921886033029" lon="-105.53056740556741"/><trkpt lat="38.019109901595975" lon="-105.52933478226447"/><trkpt lat="38.01882602721954" lon="-105.52863583137021"/><trkpt lat="38.01868213382907" lon="-105.52793169492388"/><trkpt lat="38.0183937584563" lon="-105.52752757342601"/><trkpt lat="38.01743414603803" lon="-105.52710459937022"/><trkpt lat="38.01723624069156" lon="-105.52709871069246"/><trkpt lat="38.016996406833094" lon="-105.52719314926347"/><trkpt lat="38.01691701618238" lon="-105.52705248017747"/><trkpt lat="38.016848531792014" lon="-105.52665974052692"/><trkpt lat="38.01670623106179" lon="-105.52640639554701"/><trkpt lat="38.016440533785925" lon="-105.52628027237402"/><trkpt lat="38.01612442535113" lon="-105.52632122944622"/><trkpt lat="38.01582600929423" lon="-105.52651546792171"/><trkpt lat="38.01547261183597" lon="-105.52660085374929"/><trkpt lat="38.01488900572678" lon="-105.52684431102399"/><trkpt lat="38.01483360884883" lon="-105.52679544378763"/><trkpt lat="38.0149492844546" lon="-105.52655510663323"/><trkpt lat="38.014973659080894" lon="-105.52631960346804"/><trkpt lat="38.015027740282996" lon="-105.52531685832467"/><trkpt lat="38.01492404425208" lon="-105.52520387481324"/><trkpt lat="38.015005027563035" lon="-105.52510218525843"/><trkpt lat="38.01509961773213" lon="-105.52464111057861"/><trkpt lat="38.015599609178665" lon="-105.52365220822252"/><trkpt lat="38.015740594233044" lon="-105.52326298420049"/><trkpt lat="38.016530207482106" lon="-105.52201317826318"/><trkpt lat="38.01665204599055" lon="-105.52164865153146"/><trkpt lat="38.01656541912265" lon="-105.52091507169632"/><trkpt lat="38.01624719868189" lon="-105.52027070093476"/><trkpt lat="38.01597783136286" lon="-105.51997965083902"/><trkpt lat="38.01565431359564" lon="-105.51985137434356"/><trkpt lat="38.01520130562622" lon="-105.51951993846525"/><trkpt lat="38.01481096537497" lon="-105.51914394199551"/><trkpt lat="38.0145468261363" lon="-105.51854044041544"/><trkpt lat="38.01450531310089" lon="-105.5177796144593"/><trkpt lat="38.01455129250959" lon="-105.51688479911137"/><trkpt lat="38.01438267826233" lon="-105.51573123350467"/><trkpt lat="38.014354381337824" lon="-105.51476725037793"/><trkpt lat="38.014354381337824" lon="-105.51476725037793"/><trkpt lat="38.014341996180086" lon="-105.51434532879846"/><trkpt lat="38.01440123621644" lon="-105.5142375308391"/><trkpt lat="38.01446785096218" lon="-105.51330716369779"/><trkpt lat="38.014573451260766" lon="-105.5126953125"/><trkpt lat="38.014573451260766" lon="-105.5126953125"/><trkpt lat="38.01475563774312" lon="-105.51089700823569"/><trkpt lat="38.01446030313756" lon="-105.51119958311895"/><trkpt lat="38.01419155903341" lon="-105.51165646331998"/><trkpt lat="38.01401955172738" lon="-105.51183058165046"/><trkpt lat="38.01401955172738" lon="-105.51183058165046"/><trkpt lat="38.01331327615659" lon="-105.5126953125"/><trkpt lat="38.01331327615659" lon="-105.5126953125"/><trkpt lat="38.01297158128879" lon="-105.51309565469722"/><trkpt lat="38.012701867739274" lon="-105.51324687066875"/><trkpt lat="38.012595297995325" lon="-105.51323557671213"/><trkpt lat="38.01229400822538" lon="-105.51296381862788"/><trkpt lat="38.01223580688048" lon="-105.5130300882254"/><trkpt lat="38.01224865203156" lon="-105.51322502982659"/><trkpt lat="38.011984443546794" lon="-105.51330980041918"/><trkpt lat="38.011911942882776" lon="-105.51329934142434"/><trkpt lat="38.01186243192311" lon="-105.51301013703358"/><trkpt lat="38.0115468774571" lon="-105.5126953125"/><trkpt lat="38.0115468774571" lon="-105.5126953125"/><trkpt lat="38.0113739699518" lon="-105.5126576546546"/><trkpt lat="38.01127349386442" lon="-105.5126953125"/><trkpt lat="38.01127349386442" lon="-105.5126953125"/><trkpt lat="38.01112980821224" lon="-105.51281137218638"/><trkpt lat="38.011068490792965" lon="-105.51278808114746"/><trkpt lat="38.01107863534624" lon="-105.5126953125"/><trkpt lat="38.01107863534624" lon="-105.5126953125"/><trkpt lat="38.01108455588757" lon="-105.51224691734197"/><trkpt lat="38.010956000507676" lon="-105.51206908133801"/><trkpt lat="38.010812107117204" lon="-105.51222482998782"/><trkpt lat="38.010611085696354" lon="-105.5126953125"/><trkpt lat="38.010611085696354" lon="-105.5126953125"/><trkpt lat="38.01046971978844" lon="-105.51290146016709"/><trkpt lat="38.01037866117031" lon="-105.51286432634089"/><trkpt lat="38.01032634574369" lon="-105.5126953125"/><trkpt lat="38.01032634574369" lon="-105.5126953125"/><trkpt lat="38.01030543342227" lon="-105.5124812619827"/><trkpt lat="38.0104152577328" lon="-105.51210892605016"/><trkpt lat="38.010370143900325" lon="-105.51198567424024"/><trkpt lat="38.010370143900325" lon="-105.51198567424024"/><trkpt lat="38.01036041482364" lon="-105.51184982607785"/><trkpt lat="38.01025903853699" lon="-105.51177730957647"/><trkpt lat="38.010170992124095" lon="-105.51154410210646"/><trkpt lat="38.01009901080582" lon="-105.51109754391649"/><trkpt lat="38.010121308049186" lon="-105.51035628356355"/><trkpt lat="38.01031211567067" lon="-105.50869387119897"/><trkpt lat="38.010291272595346" lon="-105.50855207475902"/><trkpt lat="38.01016503695972" lon="-105.50851804711242"/><trkpt lat="38.009372549997614" lon="-105.5092479794956"/><trkpt lat="38.0086912030219" lon="-105.50910163437283"/><trkpt lat="38.0085128250749" lon="-105.50898887952329"/><trkpt lat="38.00838153447417" lon="-105.50902413181527"/><trkpt lat="38.008201667736074" lon="-105.50925795160798"/><trkpt lat="38.008018096331774" lon="-105.50979316537591"/><trkpt lat="38.007910210911966" lon="-105.50992503344082"/><trkpt lat="38.00746166931583" lon="-105.50997918026151"/><trkpt lat="38.007107994873174" lon="-105.5101515490986"/><trkpt lat="38.00636830806037" lon="-105.51026093617332"/><trkpt lat="38.00601823441478" lon="-105.51014700041576"/><trkpt lat="38.00580661834102" lon="-105.51000389185576"/><trkpt lat="38.00532515022555" lon="-105.50995232553784"/><trkpt lat="38.004889557649626" lon="-105.50976849751899"/><trkpt lat="38.00474421009111" lon="-105.50974037441262"/><trkpt lat="38.004484052503045" lon="-105.50979281547723"/><trkpt lat="38.00432513270943" lon="-105.5101503244532"/><trkpt lat="38.00418594805358" lon="-105.51089980742513"/><trkpt lat="38.00405067580225" lon="-105.51130267201746"/><trkpt lat="38.003961867682285" lon="-105.51142863554216"/><trkpt lat="38.003832827579714" lon="-105.51149104871915"/><trkpt lat="38.003654172648325" lon="-105.51145365329775"/><trkpt lat="38.00348448508656" lon="-105.5113044652482"/><trkpt lat="38.003173743224316" lon="-105.5111549710373"/><trkpt lat="38.002487929875315" lon="-105.51093624062516"/><trkpt lat="38.00114306679397" lon="-105.5097929029519"/><trkpt lat="38.00114306679397" lon="-105.5097929029519"/><trkpt lat="38.000763459687825" lon="-105.50936926312545"/><trkpt lat="37.999590188435924" lon="-105.50772780094432"/><trkpt lat="37.99866184063065" lon="-105.50678722955595"/><trkpt lat="37.998445204214825" lon="-105.5066983552913"/><trkpt lat="37.997838954631774" lon="-105.50682676810676"/><trkpt lat="37.996878165029855" lon="-105.50677493936483"/><trkpt lat="37.996623200899094" lon="-105.50672800920441"/><trkpt lat="37.996471136469125" lon="-105.506600383661"/><trkpt lat="37.9961626797281" lon="-105.50648658070533"/><trkpt lat="37.9961626797281" lon="-105.50648658070533"/><trkpt lat="37.995497637879794" lon="-105.50618388509014"/><trkpt lat="37.99509180266469" lon="-105.50628052092895"/><trkpt lat="37.99500849490673" lon="-105.5062498031248"/><trkpt lat="37.99459801801197" lon="-105.50576785440067"/><trkpt lat="37.99443490107548" lon="-105.50543527594309"/><trkpt lat="37.99436350927125" lon="-105.50540165774541"/><trkpt lat="37.99402418170492" lon="-105.50556504658067"/><trkpt lat="37.99382164513077" lon="-105.50552751724626"/><trkpt lat="37.99369250944608" lon="-105.50561400170776"/><trkpt lat="37.99333690136156" lon="-105.50623530115718"/><trkpt lat="37.99325809672564" lon="-105.50626188809782"/><trkpt lat="37.99314402918012" lon="-105.5061737337128"/><trkpt lat="37.99296428533144" lon="-105.50582296187766"/><trkpt lat="37.992795556812084" lon="-105.50569222444223"/><trkpt lat="37.99268710084942" lon="-105.50540521731928"/><trkpt lat="37.99233752002058" lon="-105.50517982158607"/><trkpt lat="37.991754261796615" lon="-105.50550427015271"/><trkpt lat="37.99122746579531" lon="-105.5060128937082"/><trkpt lat="37.990793434108284" lon="-105.50657337278432"/><trkpt lat="37.99060056192685" lon="-105.5065057848261"/><trkpt lat="37.99045337911454" lon="-105.5063510971714"/><trkpt lat="37.990265356449164" lon="-105.5062654476717"/><trkpt lat="37.98966179953657" lon="-105.50631853366228"/><trkpt lat="37.9894054679736" lon="-105.50603956853956"/><trkpt lat="37.98905280423811" lon="-105.5048710615117"/><trkpt lat="37.98873834776127" lon="-105.50423618294712"/><trkpt lat="37.98862414165814" lon="-105.50418116336085"/><trkpt lat="37.98851447331647" lon="-105.5041743518306"/><trkpt lat="37.98815571304652" lon="-105.50441899562993"/><trkpt lat="37.98763265810045" lon="-105.50516865946554"/><trkpt lat="37.98727168090887" lon="-105.50537107177732"/><trkpt lat="37.98706869402252" lon="-105.50488459668148"/><trkpt lat="37.986636013272104" lon="-105.50291114255958"/><trkpt lat="37.9866526055449" lon="-105.50237492132024"/><trkpt lat="37.986956600922824" lon="-105.50098800587082"/><trkpt lat="37.98705747085679" lon="-105.50025952369703"/><trkpt lat="37.98697786951467" lon="-105.49991248721717"/><trkpt lat="37.986681945117034" lon="-105.49996772653023"/><trkpt lat="37.98651127679126" lon="-105.49972554367086"/><trkpt lat="37.986157920267765" lon="-105.49982257501789"/><trkpt lat="37.98587786071552" lon="-105.50007376667533"/><trkpt lat="37.985755860747304" lon="-105.50007600788851"/><trkpt lat="37.985651145839896" lon="-105.50015445034977"/><trkpt lat="37.985191411717764" lon="-105.50108767393924"/><trkpt lat="37.984302737900464" lon="-105.50142890963204"/><trkpt lat="37.983576765346854" lon="-105.50196464747246"/><trkpt lat="37.98337045307807" lon="-105.50220498462686"/><trkpt lat="37.983161612133046" lon="-105.50222994558932"/><trkpt lat="37.982834720111455" lon="-105.50219254809099"/><trkpt lat="37.982741055172774" lon="-105.50212597087597"/><trkpt lat="37.98222233015176" lon="-105.50138834806803"/><trkpt lat="37.9821224647604" lon="-105.50114590153653"/><trkpt lat="37.98196586003119" lon="-105.50115363591927"/><trkpt lat="37.981850684024856" lon="-105.50106688778564"/><trkpt lat="37.98200527966885" lon="-105.50088135049073"/><trkpt lat="37.98219493038604" lon="-105.50046945066477"/><trkpt lat="37.98221616433849" lon="-105.50038169178794"/><trkpt lat="37.98214723193169" lon="-105.50022735569611"/><trkpt lat="37.981692000931616" lon="-105.50010118857774"/><trkpt lat="37.9812857500437" lon="-105.49990501650657"/><trkpt lat="37.98066303754269" lon="-105.49989200868107"/><trkpt lat="37.98058322836417" lon="-105.49966336099149"/><trkpt lat="37.98053213524857" lon="-105.49949250144563"/><trkpt lat="37.98051394956336" lon="-105.49926583129708"/><trkpt lat="37.98084773482563" lon="-105.49850720260876"/><trkpt lat="37.98085300001449" lon="-105.4982537257928"/><trkpt lat="37.981001845518016" lon="-105.49815001475157"/><trkpt lat="37.98114119982583" lon="-105.4978358933437"/><trkpt lat="37.98165975164984" lon="-105.49704272360522"/><trkpt lat="37.98170149212732" lon="-105.49674675162956"/><trkpt lat="37.98235274749427" lon="-105.4958953542938"/><trkpt lat="37.982296112074614" lon="-105.4957283619393"/><trkpt lat="37.98189675442739" lon="-105.4952329659361"/><trkpt lat="37.98142132865688" lon="-105.4951066230363"/><trkpt lat="37.98079792336785" lon="-105.49470390778984"/><trkpt lat="37.98030503933954" lon="-105.49462814599534"/><trkpt lat="37.979858364271365" lon="-105.49448026987089"/><trkpt lat="37.979776095695414" lon="-105.49421716902185"/><trkpt lat="37.979665180335324" lon="-105.49411231540138"/><trkpt lat="37.97954744101336" lon="-105.4941169296638"/><trkpt lat="37.97931494135787" lon="-105.49427478138416"/><trkpt lat="37.979103987409424" lon="-105.494545748452"/><trkpt lat="37.978840129737975" lon="-105.49471262748875"/><trkpt lat="37.978840129737975" lon="-105.49471262748875"/><trkpt lat="37.978480443562795" lon="-105.49494011408073"/><trkpt lat="37.97733360229431" lon="-105.49545620834684"/><trkpt lat="37.97703282838062" lon="-105.49531123261592"/><trkpt lat="37.97679336620565" lon="-105.49532736056173"/><trkpt lat="37.97625773715724" lon="-105.49565150151088"/><trkpt lat="37.975598930401006" lon="-105.49644660484505"/><trkpt lat="37.97529005086763" lon="-105.49715271883241"/><trkpt lat="37.97508761821168" lon="-105.49741867612961"/><trkpt lat="37.9750110997762" lon="-105.497435243529"/><trkpt lat="37.97448291819887" lon="-105.49681390013421"/><trkpt lat="37.97387180989699" lon="-105.49707713281931"/><trkpt lat="37.97377374575446" lon="-105.49663504253348"/><trkpt lat="37.973790026272646" lon="-105.49607680467055"/><trkpt lat="37.97349458682662" lon="-105.49541560283748"/><trkpt lat="37.97306838364408" lon="-105.49482989912677"/><trkpt lat="37.972843400738476" lon="-105.49480265300578"/><trkpt lat="37.97263279318403" lon="-105.49443179814274"/><trkpt lat="37.972398838673726" lon="-105.49415494239713"/><trkpt lat="37.97227521065369" lon="-105.49381700260606"/><trkpt lat="37.971843984758095" lon="-105.49348394074957"/><trkpt lat="37.9716287008846" lon="-105.493186254905"/><trkpt lat="37.971314313686555" lon="-105.49294512673418"/><trkpt lat="37.97086410539954" lon="-105.49271318314287"/><trkpt lat="37.97000373197237" lon="-105.49246550711395"/><trkpt lat="37.96953471449093" lon="-105.49250373957405"/><trkpt lat="37.96932594282472" lon="-105.492705185088"/><trkpt lat="37.969097842373074" lon="-105.49280533655534"/><trkpt lat="37.96863838536615" lon="-105.49275673299111"/><trkpt lat="37.96812288180937" lon="-105.49226454499892"/><trkpt lat="37.96774226407776" lon="-105.49140000800158"/><trkpt lat="37.96725083490427" lon="-105.49098380153067"/><trkpt lat="37.967090073447004" lon="-105.49102620879965"/><trkpt lat="37.96682314222751" lon="-105.49122558888183"/><trkpt lat="37.966674954872595" lon="-105.49155948570011"/><trkpt lat="37.96666290036126" lon="-105.49169703466579"/><trkpt lat="37.966781401750026" lon="-105.49215419820888"/><trkpt lat="37.96707098713738" lon="-105.4925527386465"/><trkpt lat="37.96705238577937" lon="-105.49268923292361"/><trkpt lat="37.9669168071662" lon="-105.49277940879503"/><trkpt lat="37.96658828709279" lon="-105.49280239221646"/><trkpt lat="37.96613880623318" lon="-105.49346869171087"/><trkpt lat="37.965911156093746" lon="-105.49354238807364"/><trkpt lat="37.965820781898096" lon="-105.49347436066186"/><trkpt lat="37.96578610785829" lon="-105.49291537572788"/><trkpt lat="37.96534913182223" lon="-105.49185343618937"/><trkpt lat="37.9652001477611" lon="-105.49129607723357"/><trkpt lat="37.964649069540116" lon="-105.49054636945262"/><trkpt lat="37.96419324967024" lon="-105.49015969426125"/><trkpt lat="37.963595165782905" lon="-105.48885882381977"/><trkpt lat="37.963517331050205" lon="-105.48864300817426"/><trkpt lat="37.96355834410028" lon="-105.48843321304258"/><trkpt lat="37.9634217609445" lon="-105.4883238330504"/><trkpt lat="37.96287660606098" lon="-105.48813904282655"/><trkpt lat="37.96287660606098" lon="-105.48813904282655"/><trkpt lat="37.9626284840359" lon="-105.48801511692136"/><trkpt lat="37.96240661867633" lon="-105.48802403782872"/><trkpt lat="37.962358435270374" lon="-105.48793364223052"/><trkpt lat="37.96248324103002" lon="-105.48786438434875"/><trkpt lat="37.96253842159486" lon="-105.48768697694479"/><trkpt lat="37.962688410198595" lon="-105.48750996504903"/><trkpt lat="37.963734173696714" lon="-105.48656096507659"/><trkpt lat="37.96392011799807" lon="-105.48629342574655"/><trkpt lat="37.964023308771864" lon="-105.48602259051478"/><trkpt lat="37.964148460925514" lon="-105.48532680368618"/><trkpt lat="37.96417395552421" lon="-105.48482420064451"/><trkpt lat="37.964393049731754" lon="-105.48386329148047"/><trkpt lat="37.964640721444624" lon="-105.48309894989582"/><trkpt lat="37.9648549314967" lon="-105.48141544723576"/><trkpt lat="37.964857321615334" lon="-105.48083484118641"/><trkpt lat="37.96459309226907" lon="-105.4799719741126"/><trkpt lat="37.96433153015664" lon="-105.47951705178268"/><trkpt lat="37.96433153015664" lon="-105.47951705178268"/><trkpt lat="37.96365935259185" lon="-105.47888041540385"/><trkpt lat="37.963578712067715" lon="-105.47862720226001"/><trkpt lat="37.963015302220185" lon="-105.47835078596798"/><trkpt lat="37.96286382412223" lon="-105.47832740703835"/><trkpt lat="37.96262228358323" lon="-105.47891877970002"/><trkpt lat="37.96251964703984" lon="-105.47945108980265"/><trkpt lat="37.962357569285366" lon="-105.47964515249672"/><trkpt lat="37.962115439876555" lon="-105.48012666176729"/><trkpt lat="37.96191747570327" lon="-105.47994855123761"/><trkpt lat="37.9615233139661" lon="-105.47849519040925"/><trkpt lat="37.9615233139661" lon="-105.47849519040925"/><trkpt lat="37.96150667920747" lon="-105.47842667959856"/><trkpt lat="37.96118133105331" lon="-105.4778344719751"/><trkpt lat="37.960751183919804" lon="-105.47753428124521"/><trkpt lat="37.95994516055281" lon="-105.4775310732342"/><trkpt lat="37.95982861327518" lon="-105.47752979881886"/><trkpt lat="37.959336744256014" lon="-105.47732466189497"/><trkpt lat="37.95873654137129" lon="-105.47698096526221"/><trkpt lat="37.95747711686445" lon="-105.47655249803687"/><trkpt lat="37.95726880116839" lon="-105.47648838176183"/><trkpt lat="37.95695045347515" lon="-105.47641437778157"/><trkpt lat="37.956252278793265" lon="-105.47590162336256"/><trkpt lat="37.956042438244324" lon="-105.47590026105651"/><trkpt lat="37.95592395024485" lon="-105.47571274622055"/><trkpt lat="37.95566226469819" lon="-105.47555445504665"/><trkpt lat="37.95541721391016" lon="-105.47549411807225"/><trkpt lat="37.95524819783136" lon="-105.47534096850504"/><trkpt lat="37.9534970082726" lon="-105.47455351166289"/><trkpt lat="37.95218618929275" lon="-105.47418889704046"/><trkpt lat="37.95195198575358" lon="-105.47421385800293"/><trkpt lat="37.951485242151094" lon="-105.47414824758575"/><trkpt lat="37.95121821961937" lon="-105.47389468287906"/><trkpt lat="37.95110191493197" lon="-105.473853374244"/><trkpt lat="37.95080408344104" lon="-105.47399856970169"/><trkpt lat="37.95070777511974" lon="-105.47397259799604"/><trkpt lat="37.95076204601976" lon="-105.4737159571144"/><trkpt lat="37.950714740924916" lon="-105.47362529784405"/><trkpt lat="37.95051689126449" lon="-105.47349961412462"/><trkpt lat="37.95015744185515" lon="-105.47344103496447"/><trkpt lat="37.94980516618546" lon="-105.47328217250092"/><trkpt lat="37.948934891063274" lon="-105.47264434959747"/><trkpt lat="37.94858223418037" lon="-105.47246285527535"/><trkpt lat="37.94818816367963" lon="-105.47213950534262"/><trkpt lat="37.94762660195297" lon="-105.47184080875488"/><trkpt lat="37.94629446968863" lon="-105.47172782524345"/><trkpt lat="37.946061894969574" lon="-105.47162995893464"/><trkpt lat="37.944802678397224" lon="-105.47076274127055"/><trkpt lat="37.943104685410326" lon="-105.46986638783514"/><trkpt lat="37.942655546927384" lon="-105.46980354597542"/><trkpt lat="37.94196548169032" lon="-105.4694317682599"/><trkpt lat="37.94160925526546" lon="-105.46916967815406"/><trkpt lat="37.94069850223061" lon="-105.46875"/><trkpt lat="37.94069850223061" lon="-105.46875"/><trkpt lat="37.9404864783696" lon="-105.46869594721157"/><trkpt lat="37.940292371529864" lon="-105.46854372049684"/><trkpt lat="37.939317643985795" lon="-105.46812351499851"/><trkpt lat="37.938686077649905" lon="-105.46790198645667"/><trkpt lat="37.93824567241524" lon="-105.46787166416073"/><trkpt lat="37.937891629302456" lon="-105.46806216728092"/><trkpt lat="37.93765763369776" lon="-105.46851915504259"/><trkpt lat="37.937613620898894" lon="-105.46875"/><trkpt lat="37.937613620898894" lon="-105.46875"/><trkpt lat="37.93758402489083" lon="-105.46904258818321"/><trkpt lat="37.93753134815518" lon="-105.46909044467638"/><trkpt lat="37.93715918008664" lon="-105.46913623573779"/><trkpt lat="37.93707361504695" lon="-105.46906341828218"/><trkpt lat="37.93692095648079" lon="-105.46906847199816"/><trkpt lat="37.93669940228932" lon="-105.46961506434162"/><trkpt lat="37.936091540484476" lon="-105.46993696407759"/><trkpt lat="37.935212566769756" lon="-105.47050886894637"/><trkpt lat="37.934939687416765" lon="-105.47076608111765"/><trkpt lat="37.93483513102765" lon="-105.47067507028444"/><trkpt lat="37.93490801206388" lon="-105.47033229650417"/><trkpt lat="37.93489643704434" lon="-105.4700686243655"/><trkpt lat="37.9351665785933" lon="-105.46875"/><trkpt lat="37.9351665785933" lon="-105.46875"/><trkpt lat="37.93521090329389" lon="-105.46853374490094"/><trkpt lat="37.93512786812374" lon="-105.46662427521802"/><trkpt lat="37.934827991943735" lon="-105.46526750628313"/><trkpt lat="37.93476006667934" lon="-105.46435177294552"/><trkpt lat="37.93475136808681" lon="-105.4641409231253"/><trkpt lat="37.934897303438014" lon="-105.46341925248176"/><trkpt lat="37.934865662740876" lon="-105.46297342684062"/><trkpt lat="37.93455369170512" lon="-105.46226089683121"/><trkpt lat="37.93453334878154" lon="-105.46136955316643"/><trkpt lat="37.934425534752194" lon="-105.46088716498873"/><trkpt lat="37.93415116520208" lon="-105.46031337046962"/><trkpt lat="37.93411125792798" lon="-105.46028947223928"/><trkpt lat="37.93411125792798" lon="-105.46028947223928"/><trkpt lat="37.93355162077655" lon="-105.45995433690746"/><trkpt lat="37.933356994100606" lon="-105.45971830639799"/><trkpt lat="37.93348289842997" lon="-105.45923130395786"/><trkpt lat="37.933475204854105" lon="-105.45876157204282"/><trkpt lat="37.933391441913265" lon="-105.45863399867306"/><trkpt lat="37.93126704461355" lon="-105.45752552100208"/><trkpt lat="37.93037618397756" lon="-105.45753681495869"/><trkpt lat="37.93018377526943" lon="-105.45731453934579"/><trkpt lat="37.93083024357659" lon="-105.45716679505742"/><trkpt lat="37.93083024357659" lon="-105.45716679505742"/><trkpt lat="37.93102864772897" lon="-105.45713827452109"/><trkpt lat="37.93121987814169" lon="-105.45717778139654"/><trkpt lat="37.931528279635494" lon="-105.45725103830573"/><trkpt lat="37.932067627028246" lon="-105.4572631672241"/><trkpt lat="37.93241418449965" lon="-105.45725455393425"/><trkpt lat="37.93264953167848" lon="-105.45715084289303"/><trkpt lat="37.932687029196885" lon="-105.45713405576687"/><trkpt lat="37.934271836513624" lon="-105.45562343413906"/><trkpt lat="37.93453182392867" lon="-105.45545912245132"/><trkpt lat="37.93407923913416" lon="-105.45588371544014"/><trkpt lat="37.93407923913416" lon="-105.45588371544014"/><trkpt lat="37.93453182392867" lon="-105.45545912245132"/><trkpt lat="37.934745684544275" lon="-105.45536415653604"/><trkpt lat="37.934745684544275" lon="-105.45536415653604"/><trkpt lat="37.934791291507516" lon="-105.45537668096262"/><trkpt lat="37.93530593888807" lon="-105.45556500391776"/><trkpt lat="37.93530593888807" lon="-105.45556500391776"/><trkpt lat="37.934791291507516" lon="-105.45537668096262"/><trkpt lat="37.934745684544275" lon="-105.45536415653604"/><trkpt lat="37.934745684544275" lon="-105.45536415653604"/><trkpt lat="37.93453182392867" lon="-105.45545912245132"/><trkpt lat="37.93407414725918" lon="-105.455888492389"/><trkpt lat="37.93407414725918" lon="-105.455888492389"/><trkpt lat="37.93453182392867" lon="-105.45545912245132"/><trkpt lat="37.934271836513624" lon="-105.45562343413906"/><trkpt lat="37.932687029196885" lon="-105.45713405576687"/><trkpt lat="37.93264953167848" lon="-105.45715084289303"/><trkpt lat="37.93241418449965" lon="-105.45725455393425"/><trkpt lat="37.932067627028246" lon="-105.4572631672241"/><trkpt lat="37.931528279635494" lon="-105.45725103830573"/><trkpt lat="37.93121987814169" lon="-105.45717778139654"/><trkpt lat="37.93102864772897" lon="-105.45713827452109"/><trkpt lat="37.93083024357659" lon="-105.45716679505742"/><trkpt lat="37.93083024357659" lon="-105.45716679505742"/><trkpt lat="37.93018377526943" lon="-105.45731453934579"/><trkpt lat="37.93037618397756" lon="-105.45753681495869"/><trkpt lat="37.93126704461355" lon="-105.45752552100208"/><trkpt lat="37.933391441913265" lon="-105.45863399867306"/><trkpt lat="37.933475204854105" lon="-105.45876157204282"/><trkpt lat="37.93348289842997" lon="-105.45923130395786"/><trkpt lat="37.933356994100606" lon="-105.45971830639799"/><trkpt lat="37.93355162077655" lon="-105.45995433690746"/><trkpt lat="37.93415116520208" lon="-105.46031337046962"/><trkpt lat="37.93415116520208" lon="-105.46031337046962"/><trkpt lat="37.934425534752194" lon="-105.46088716498873"/><trkpt lat="37.93453334878154" lon="-105.46136955316643"/><trkpt lat="37.93455369170512" lon="-105.46226089683121"/><trkpt lat="37.934865662740876" lon="-105.46297342684062"/><trkpt lat="37.934897303438014" lon="-105.46341925248176"/><trkpt lat="37.93475136808681" lon="-105.4641409231253"/><trkpt lat="37.93476006667934" lon="-105.46435177294552"/><trkpt lat="37.934827991943735" lon="-105.46526750628313"/><trkpt lat="37.93512786812374" lon="-105.46662427521802"/><trkpt lat="37.93521090329389" lon="-105.46853374490094"/><trkpt lat="37.9351665785933" lon="-105.46875"/><trkpt lat="37.9351665785933" lon="-105.46875"/><trkpt lat="37.93489643704434" lon="-105.4700686243655"/><trkpt lat="37.93490801206388" lon="-105.47033229650417"/><trkpt lat="37.93483513102765" lon="-105.47067507028444"/><trkpt lat="37.934939687416765" lon="-105.47076608111765"/><trkpt lat="37.935212566769756" lon="-105.47050886894637"/><trkpt lat="37.936091540484476" lon="-105.46993696407759"/><trkpt lat="37.93669940228932" lon="-105.46961506434162"/><trkpt lat="37.93692095648079" lon="-105.46906847199816"/><trkpt lat="37.93707361504695" lon="-105.46906341828218"/><trkpt lat="37.93715918008664" lon="-105.46913623573779"/><trkpt lat="37.93753134815518" lon="-105.46909044467638"/><trkpt lat="37.93758402489083" lon="-105.46904258818321"/><trkpt lat="37.937613620898894" lon="-105.46875"/><trkpt lat="37.937613620898894" lon="-105.46875"/><trkpt lat="37.93765763369776" lon="-105.46851915504259"/><trkpt lat="37.937891629302456" lon="-105.46806216728092"/><trkpt lat="37.93824567241524" lon="-105.46787166416073"/><trkpt lat="37.938686077649905" lon="-105.46790198645667"/><trkpt lat="37.939317643985795" lon="-105.46812351499851"/><trkpt lat="37.940292371529864" lon="-105.46854372049684"/><trkpt lat="37.9404864783696" lon="-105.46869594721157"/><trkpt lat="37.94069850223061" lon="-105.46875"/><trkpt lat="37.94069850223061" lon="-105.46875"/><trkpt lat="37.94160925526546" lon="-105.46916967815406"/><trkpt lat="37.94196548169032" lon="-105.4694317682599"/><trkpt lat="37.942655546927384" lon="-105.46980354597542"/><trkpt lat="37.943104685410326" lon="-105.46986638783514"/><trkpt lat="37.944802678397224" lon="-105.47076274127055"/><trkpt lat="37.946061894969574" lon="-105.47162995893464"/><trkpt lat="37.94629446968863" lon="-105.47172782524345"/><trkpt lat="37.94762660195297" lon="-105.47184080875488"/><trkpt lat="37.94818816367963" lon="-105.47213950534262"/><trkpt lat="37.94858223418037" lon="-105.47246285527535"/><trkpt lat="37.948934891063274" lon="-105.47264434959747"/><trkpt lat="37.94980516618546" lon="-105.47328217250092"/><trkpt lat="37.95015744185515" lon="-105.47344103496447"/><trkpt lat="37.95051689126449" lon="-105.47349961412462"/><trkpt lat="37.950714740924916" lon="-105.47362529784405"/><trkpt lat="37.95076204601976" lon="-105.4737159571144"/><trkpt lat="37.95070777511974" lon="-105.47397259799604"/><trkpt lat="37.95080408344104" lon="-105.47399856970169"/><trkpt lat="37.95110191493197" lon="-105.473853374244"/><trkpt lat="37.95121821961937" lon="-105.47389468287906"/><trkpt lat="37.951485242151094" lon="-105.47414824758575"/><trkpt lat="37.95195198575358" lon="-105.47421385800293"/><trkpt lat="37.95218618929275" lon="-105.47418889704046"/><trkpt lat="37.9534970082726" lon="-105.47455351166289"/><trkpt lat="37.95524819783136" lon="-105.47534096850504"/><trkpt lat="37.95541721391016" lon="-105.47549411807225"/><trkpt lat="37.95566226469819" lon="-105.47555445504665"/><trkpt lat="37.95592395024485" lon="-105.47571274622055"/><trkpt lat="37.956042438244324" lon="-105.47590026105651"/><trkpt lat="37.956252278793265" lon="-105.47590162336256"/><trkpt lat="37.95695045347515" lon="-105.47641437778157"/><trkpt lat="37.95726880116839" lon="-105.47648838176183"/><trkpt lat="37.95747711686445" lon="-105.47655249803687"/><trkpt lat="37.95873654137129" lon="-105.47698096526221"/><trkpt lat="37.959336744256014" lon="-105.47732466189497"/><trkpt lat="37.95982861327518" lon="-105.47752979881886"/><trkpt lat="37.95994516055281" lon="-105.4775310732342"/><trkpt lat="37.960751183919804" lon="-105.47753428124521"/><trkpt lat="37.96118133105331" lon="-105.4778344719751"/><trkpt lat="37.96150667920747" lon="-105.47842667959856"/><trkpt lat="37.9615233139661" lon="-105.47849519040925"/><trkpt lat="37.9615233139661" lon="-105.47849519040925"/><trkpt lat="37.96191747570327" lon="-105.47994855123761"/><trkpt lat="37.962115439876555" lon="-105.48012666176729"/><trkpt lat="37.962357569285366" lon="-105.47964515249672"/><trkpt lat="37.96251964703984" lon="-105.47945108980265"/><trkpt lat="37.96262228358323" lon="-105.47891877970002"/><trkpt lat="37.96286382412223" lon="-105.47832740703835"/><trkpt lat="37.963015302220185" lon="-105.47835078596798"/><trkpt lat="37.963578712067715" lon="-105.47862720226001"/><trkpt lat="37.96365935259185" lon="-105.47888041540385"/><trkpt lat="37.96433153015664" lon="-105.47951705178268"/><trkpt lat="37.96433153015664" lon="-105.47951705178268"/><trkpt lat="37.96459309226907" lon="-105.4799719741126"/><trkpt lat="37.964857321615334" lon="-105.48083484118641"/><trkpt lat="37.9648549314967" lon="-105.48141544723576"/><trkpt lat="37.964640721444624" lon="-105.48309894989582"/><trkpt lat="37.964393049731754" lon="-105.48386329148047"/><trkpt lat="37.96417395552421" lon="-105.48482420064451"/><trkpt lat="37.964148460925514" lon="-105.48532680368618"/><trkpt lat="37.964023308771864" lon="-105.48602259051478"/><trkpt lat="37.96392011799807" lon="-105.48629342574655"/><trkpt lat="37.963734173696714" lon="-105.48656096507659"/><trkpt lat="37.962688410198595" lon="-105.48750996504903"/><trkpt lat="37.96253842159486" lon="-105.48768697694479"/><trkpt lat="37.96248324103002" lon="-105.48786438434875"/><trkpt lat="37.962358435270374" lon="-105.48793364223052"/><trkpt lat="37.96240661867633" lon="-105.48802403782872"/><trkpt lat="37.9626284840359" lon="-105.48801511692136"/><trkpt lat="37.96287660606098" lon="-105.48813904282655"/><trkpt lat="37.96287660606098" lon="-105.48813904282655"/><trkpt lat="37.9634217609445" lon="-105.4883238330504"/><trkpt lat="37.96355834410028" lon="-105.48843321304258"/><trkpt lat="37.963517331050205" lon="-105.48864300817426"/><trkpt lat="37.963595165782905" lon="-105.48885882381977"/><trkpt lat="37.96419324967024" lon="-105.49015969426125"/><trkpt lat="37.964649069540116" lon="-105.49054636945262"/><trkpt lat="37.9647781411628" lon="-105.49072196339944"/><trkpt lat="37.9647781411628" lon="-105.49072196339944"/><trkpt lat="37.9652001477611" lon="-105.49129607723357"/><trkpt lat="37.96534913182223" lon="-105.49185343618937"/><trkpt lat="37.96578610785829" lon="-105.49291537572788"/><trkpt lat="37.965820781898096" lon="-105.49347436066186"/><trkpt lat="37.965911156093746" lon="-105.49354238807364"/><trkpt lat="37.96613880623318" lon="-105.49346869171087"/><trkpt lat="37.96658828709279" lon="-105.49280239221646"/><trkpt lat="37.9669168071662" lon="-105.49277940879503"/><trkpt lat="37.96705238577937" lon="-105.49268923292361"/><trkpt lat="37.96707098713738" lon="-105.4925527386465"/><trkpt lat="37.966781401750026" lon="-105.49215419820888"/><trkpt lat="37.96666290036126" lon="-105.49169703466579"/><trkpt lat="37.966674954872595" lon="-105.49155948570011"/><trkpt lat="37.96682314222751" lon="-105.49122558888183"/><trkpt lat="37.967090073447004" lon="-105.49102620879965"/><trkpt lat="37.96725083490427" lon="-105.49098380153067"/><trkpt lat="37.96774226407776" lon="-105.49140000800158"/><trkpt lat="37.96812288180937" lon="-105.49226454499892"/><trkpt lat="37.96863838536615" lon="-105.49275673299111"/><trkpt lat="37.969097842373074" lon="-105.49280533655534"/><trkpt lat="37.96932594282472" lon="-105.492705185088"/><trkpt lat="37.96953471449093" lon="-105.49250373957405"/><trkpt lat="37.97000373197237" lon="-105.49246550711395"/><trkpt lat="37.97086410539954" lon="-105.49271318314287"/><trkpt lat="37.971314313686555" lon="-105.49294512673418"/><trkpt lat="37.9716287008846" lon="-105.493186254905"/><trkpt lat="37.971843984758095" lon="-105.49348394074957"/><trkpt lat="37.97227521065369" lon="-105.49381700260606"/><trkpt lat="37.972398838673726" lon="-105.49415494239713"/><trkpt lat="37.97263279318403" lon="-105.49443179814274"/><trkpt lat="37.972843400738476" lon="-105.49480265300578"/><trkpt lat="37.97306838364408" lon="-105.49482989912677"/><trkpt lat="37.97349458682662" lon="-105.49541560283748"/><trkpt lat="37.973790026272646" lon="-105.49607680467055"/><trkpt lat="37.97377374575446" lon="-105.49663504253348"/><trkpt lat="37.97387180989699" lon="-105.49707713281931"/><trkpt lat="37.97448291819887" lon="-105.49681390013421"/><trkpt lat="37.9750110997762" lon="-105.497435243529"/><trkpt lat="37.97508761821168" lon="-105.49741867612961"/><trkpt lat="37.97529005086763" lon="-105.49715271883241"/><trkpt lat="37.975598930401006" lon="-105.49644660484505"/><trkpt lat="37.97625773715724" lon="-105.49565150151088"/><trkpt lat="37.97679336620565" lon="-105.49532736056173"/><trkpt lat="37.97703282838062" lon="-105.49531123261592"/><trkpt lat="37.97733360229431" lon="-105.49545620834684"/><trkpt lat="37.978480443562795" lon="-105.49494011408073"/><trkpt lat="37.97894121150339" lon="-105.49464869746332"/><trkpt lat="37.97894121150339" lon="-105.49464869746332"/><trkpt lat="37.979103987409424" lon="-105.494545748452"/><trkpt lat="37.97931494135787" lon="-105.49427478138416"/><trkpt lat="37.97954744101336" lon="-105.4941169296638"/><trkpt lat="37.979665180335324" lon="-105.49411231540138"/><trkpt lat="37.979776095695414" lon="-105.49421716902185"/><trkpt lat="37.979858364271365" lon="-105.49448026987089"/><trkpt lat="37.98030503933954" lon="-105.49462814599534"/><trkpt lat="37.98079792336785" lon="-105.49470390778984"/><trkpt lat="37.98142132865688" lon="-105.4951066230363"/><trkpt lat="37.98189675442739" lon="-105.4952329659361"/><trkpt lat="37.982296112074614" lon="-105.4957283619393"/><trkpt lat="37.98235274749427" lon="-105.4958953542938"/><trkpt lat="37.98170149212732" lon="-105.49674675162956"/><trkpt lat="37.98165975164984" lon="-105.49704272360522"/><trkpt lat="37.98114119982583" lon="-105.4978358933437"/><trkpt lat="37.981001845518016" lon="-105.49815001475157"/><trkpt lat="37.98085300001449" lon="-105.4982537257928"/><trkpt lat="37.98084773482563" lon="-105.49850720260876"/><trkpt lat="37.98051394956336" lon="-105.49926583129708"/><trkpt lat="37.98053213524857" lon="-105.49949250144563"/><trkpt lat="37.98058322836417" lon="-105.49966336099149"/><trkpt lat="37.98066303754269" lon="-105.49989200868107"/><trkpt lat="37.9812857500437" lon="-105.49990501650657"/><trkpt lat="37.981692000931616" lon="-105.50010118857774"/><trkpt lat="37.98214723193169" lon="-105.50022735569611"/><trkpt lat="37.98221616433849" lon="-105.50038169178794"/><trkpt lat="37.98219493038604" lon="-105.50046945066477"/><trkpt lat="37.98200527966885" lon="-105.50088135049073"/><trkpt lat="37.981850684024856" lon="-105.50106688778564"/><trkpt lat="37.98196586003119" lon="-105.50115363591927"/><trkpt lat="37.9821224647604" lon="-105.50114590153653"/><trkpt lat="37.98222233015176" lon="-105.50138834806803"/><trkpt lat="37.982741055172774" lon="-105.50212597087597"/><trkpt lat="37.982834720111455" lon="-105.50219254809099"/><trkpt lat="37.983161612133046" lon="-105.50222994558932"/><trkpt lat="37.98337045307807" lon="-105.50220498462686"/><trkpt lat="37.983576765346854" lon="-105.50196464747246"/><trkpt lat="37.984302737900464" lon="-105.50142890963204"/><trkpt lat="37.985191411717764" lon="-105.50108767393924"/><trkpt lat="37.985651145839896" lon="-105.50015445034977"/><trkpt lat="37.985755860747304" lon="-105.50007600788851"/><trkpt lat="37.98587786071552" lon="-105.50007376667533"/><trkpt lat="37.986157920267765" lon="-105.49982257501789"/><trkpt lat="37.98651127679126" lon="-105.49972554367086"/><trkpt lat="37.986681945117034" lon="-105.49996772653023"/><trkpt lat="37.98697786951467" lon="-105.49991248721717"/><trkpt lat="37.98705747085679" lon="-105.50025952369703"/><trkpt lat="37.986956600922824" lon="-105.50098800587082"/><trkpt lat="37.9866526055449" lon="-105.50237492132024"/><trkpt lat="37.986636013272104" lon="-105.50291114255958"/><trkpt lat="37.98706869402252" lon="-105.50488459668148"/><trkpt lat="37.98727168090887" lon="-105.50537107177732"/><trkpt lat="37.98763265810045" lon="-105.50516865946554"/><trkpt lat="37.98815571304652" lon="-105.50441899562993"/><trkpt lat="37.98851447331647" lon="-105.5041743518306"/><trkpt lat="37.98862414165814" lon="-105.50418116336085"/><trkpt lat="37.98873834776127" lon="-105.50423618294712"/><trkpt lat="37.98905280423811" lon="-105.5048710615117"/><trkpt lat="37.9894054679736" lon="-105.50603956853956"/><trkpt lat="37.98966179953657" lon="-105.50631853366228"/><trkpt lat="37.990265356449164" lon="-105.5062654476717"/><trkpt lat="37.99045337911454" lon="-105.5063510971714"/><trkpt lat="37.99060056192685" lon="-105.5065057848261"/><trkpt lat="37.990793434108284" lon="-105.50657337278432"/><trkpt lat="37.99122746579531" lon="-105.5060128937082"/><trkpt lat="37.991754261796615" lon="-105.50550427015271"/><trkpt lat="37.99233752002058" lon="-105.50517982158607"/><trkpt lat="37.99268710084942" lon="-105.50540521731928"/><trkpt lat="37.992795556812084" lon="-105.50569222444223"/><trkpt lat="37.99296428533144" lon="-105.50582296187766"/><trkpt lat="37.99314402918012" lon="-105.5061737337128"/><trkpt lat="37.99325809672564" lon="-105.50626188809782"/><trkpt lat="37.99333690136156" lon="-105.50623530115718"/><trkpt lat="37.99369250944608" lon="-105.50561400170776"/><trkpt lat="37.99382164513077" lon="-105.50552751724626"/><trkpt lat="37.99402418170492" lon="-105.50556504658067"/><trkpt lat="37.99436350927125" lon="-105.50540165774541"/><trkpt lat="37.99443490107548" lon="-105.50543527594309"/><trkpt lat="37.99459801801197" lon="-105.50576785440067"/><trkpt lat="37.99500849490673" lon="-105.5062498031248"/><trkpt lat="37.99509180266469" lon="-105.50628052092895"/><trkpt lat="37.995497637879794" lon="-105.50618388509014"/><trkpt lat="37.9961626797281" lon="-105.50648658070533"/><trkpt lat="37.9961626797281" lon="-105.50648658070533"/><trkpt lat="37.996471136469125" lon="-105.506600383661"/><trkpt lat="37.996623200899094" lon="-105.50672800920441"/><trkpt lat="37.996878165029855" lon="-105.50677493936483"/><trkpt lat="37.997838954631774" lon="-105.50682676810676"/><trkpt lat="37.998445204214825" lon="-105.5066983552913"/><trkpt lat="37.99866184063065" lon="-105.50678722955595"/><trkpt lat="37.999590188435924" lon="-105.50772780094432"/><trkpt lat="38.000763459687825" lon="-105.50936926312545"/><trkpt lat="38.00114306679397" lon="-105.5097929029519"/><trkpt lat="38.00114306679397" lon="-105.5097929029519"/><trkpt lat="38.002487929875315" lon="-105.51093624062516"/><trkpt lat="38.003173743224316" lon="-105.5111549710373"/><trkpt lat="38.00348448508656" lon="-105.5113044652482"/><trkpt lat="38.003654172648325" lon="-105.51145365329775"/><trkpt lat="38.003832827579714" lon="-105.51149104871915"/><trkpt lat="38.003961867682285" lon="-105.51142863554216"/><trkpt lat="38.00405067580225" lon="-105.51130267201746"/><trkpt lat="38.00418594805358" lon="-105.51089980742513"/><trkpt lat="38.00432513270943" lon="-105.5101503244532"/><trkpt lat="38.004484052503045" lon="-105.50979281547723"/><trkpt lat="38.00474421009111" lon="-105.50974037441262"/><trkpt lat="38.004889557649626" lon="-105.50976849751899"/><trkpt lat="38.00532515022555" lon="-105.50995232553784"/><trkpt lat="38.00580661834102" lon="-105.51000389185576"/><trkpt lat="38.00601823441478" lon="-105.51014700041576"/><trkpt lat="38.00636830806037" lon="-105.51026093617332"/><trkpt lat="38.007107994873174" lon="-105.5101515490986"/><trkpt lat="38.00746166931583" lon="-105.50997918026151"/><trkpt lat="38.007910210911966" lon="-105.50992503344082"/><trkpt lat="38.008018096331774" lon="-105.50979316537591"/><trkpt lat="38.008201667736074" lon="-105.50925795160798"/><trkpt lat="38.00838153447417" lon="-105.50902413181527"/><trkpt lat="38.0085128250749" lon="-105.50898887952329"/><trkpt lat="38.0086912030219" lon="-105.50910163437283"/><trkpt lat="38.009372549997614" lon="-105.5092479794956"/><trkpt lat="38.01016503695972" lon="-105.50851804711242"/><trkpt lat="38.010291272595346" lon="-105.50855207475902"/><trkpt lat="38.01031211567067" lon="-105.50869387119897"/><trkpt lat="38.010121308049186" lon="-105.51035628356355"/><trkpt lat="38.01009901080582" lon="-105.51109754391649"/><trkpt lat="38.010170992124095" lon="-105.51154410210646"/><trkpt lat="38.01025903853699" lon="-105.51177730957647"/><trkpt lat="38.01036041482364" lon="-105.51184982607785"/><trkpt lat="38.010370143900325" lon="-105.51198567424024"/><trkpt lat="38.010370143900325" lon="-105.51198567424024"/><trkpt lat="38.0104152577328" lon="-105.51210892605016"/><trkpt lat="38.01030543342227" lon="-105.5124812619827"/><trkpt lat="38.01032634574369" lon="-105.5126953125"/><trkpt lat="38.01032634574369" lon="-105.5126953125"/><trkpt lat="38.01037866117031" lon="-105.51286432634089"/><trkpt lat="38.01046971978844" lon="-105.51290146016709"/><trkpt lat="38.010611085696354" lon="-105.5126953125"/><trkpt lat="38.010611085696354" lon="-105.5126953125"/><trkpt lat="38.010812107117204" lon="-105.51222482998782"/><trkpt lat="38.010956000507676" lon="-105.51206908133801"/><trkpt lat="38.01108455588757" lon="-105.51224691734197"/><trkpt lat="38.01107863534624" lon="-105.5126953125"/><trkpt lat="38.01107863534624" lon="-105.5126953125"/><trkpt lat="38.011068490792965" lon="-105.51278808114746"/><trkpt lat="38.01112980821224" lon="-105.51281137218638"/><trkpt lat="38.01127349386442" lon="-105.5126953125"/><trkpt lat="38.01127349386442" lon="-105.5126953125"/><trkpt lat="38.0113739699518" lon="-105.5126576546546"/><trkpt lat="38.0115468774571" lon="-105.5126953125"/><trkpt lat="38.0115468774571" lon="-105.5126953125"/><trkpt lat="38.01186243192311" lon="-105.51301013703358"/><trkpt lat="38.011911942882776" lon="-105.51329934142434"/><trkpt lat="38.011984443546794" lon="-105.51330980041918"/><trkpt lat="38.01224865203156" lon="-105.51322502982659"/><trkpt lat="38.01223580688048" lon="-105.5130300882254"/><trkpt lat="38.01229400822538" lon="-105.51296381862788"/><trkpt lat="38.012595297995325" lon="-105.51323557671213"/><trkpt lat="38.012701867739274" lon="-105.51324687066875"/><trkpt lat="38.01297158128879" lon="-105.51309565469722"/><trkpt lat="38.01331327615659" lon="-105.5126953125"/><trkpt lat="38.01331327615659" lon="-105.5126953125"/><trkpt lat="38.01401955172738" lon="-105.51183058165046"/><trkpt lat="38.01401955172738" lon="-105.51183058165046"/><trkpt lat="38.01419155903341" lon="-105.51165646331998"/><trkpt lat="38.01446030313756" lon="-105.51119958311895"/><trkpt lat="38.01475563774312" lon="-105.51089700823569"/><trkpt lat="38.014573451260766" lon="-105.5126953125"/><trkpt lat="38.014573451260766" lon="-105.5126953125"/><trkpt lat="38.01446785096218" lon="-105.51330716369779"/><trkpt lat="38.01440123621644" lon="-105.5142375308391"/><trkpt lat="38.014341996180086" lon="-105.51434532879846"/><trkpt lat="38.014352502386735" lon="-105.51470324069561"/><trkpt lat="38.014352502386735" lon="-105.51470324069561"/><trkpt lat="38.01438267826233" lon="-105.51573123350467"/><trkpt lat="38.01455129250959" lon="-105.51688479911137"/><trkpt lat="38.01450531310089" lon="-105.5177796144593"/><trkpt lat="38.0145468261363" lon="-105.51854044041544"/><trkpt lat="38.01481096537497" lon="-105.51914394199551"/><trkpt lat="38.01520130562622" lon="-105.51951993846525"/><trkpt lat="38.01565431359564" lon="-105.51985137434356"/><trkpt lat="38.01597783136286" lon="-105.51997965083902"/><trkpt lat="38.01624719868189" lon="-105.52027070093476"/><trkpt lat="38.01656541912265" lon="-105.52091507169632"/><trkpt lat="38.01665204599055" lon="-105.52164865153146"/><trkpt lat="38.016530207482106" lon="-105.52201317826318"/><trkpt lat="38.015740594233044" lon="-105.52326298420049"/><trkpt lat="38.015599609178665" lon="-105.52365220822252"/><trkpt lat="38.01509961773213" lon="-105.52464111057861"/><trkpt lat="38.015005027563035" lon="-105.52510218525843"/><trkpt lat="38.01492404425208" lon="-105.52520387481324"/><trkpt lat="38.015027740282996" lon="-105.52531685832467"/><trkpt lat="38.014973659080894" lon="-105.52631960346804"/><trkpt lat="38.0149492844546" lon="-105.52655510663323"/><trkpt lat="38.01483360884883" lon="-105.52679544378763"/><trkpt lat="38.01488900572678" lon="-105.52684431102399"/><trkpt lat="38.01547261183597" lon="-105.52660085374929"/><trkpt lat="38.01582600929423" lon="-105.52651546792171"/><trkpt lat="38.01612442535113" lon="-105.52632122944622"/><trkpt lat="38.016440533785925" lon="-105.52628027237402"/><trkpt lat="38.01670623106179" lon="-105.52640639554701"/><trkpt lat="38.016848531792014" lon="-105.52665974052692"/><trkpt lat="38.01691701618238" lon="-105.52705248017747"/><trkpt lat="38.016996406833094" lon="-105.52719314926347"/><trkpt lat="38.01723624069156" lon="-105.52709871069246"/><trkpt lat="38.01743414603803" lon="-105.52710459937022"/><trkpt lat="38.0183937584563" lon="-105.52752757342601"/><trkpt lat="38.01868213382907" lon="-105.52793169492388"/><trkpt lat="38.01882602721954" lon="-105.52863583137021"/><trkpt lat="38.019109901595975" lon="-105.52933478226447"/><trkpt lat="38.01921886033029" lon="-105.53056740556741"/><trkpt lat="38.01944200587928" lon="-105.53131557526089"/><trkpt lat="38.01953888116959" lon="-105.53188730434825"/><trkpt lat="38.01973543621716" lon="-105.53227679204242"/><trkpt lat="38.02034639453483" lon="-105.5321468456234"/><trkpt lat="38.02061493090069" lon="-105.53230711433837"/><trkpt lat="38.02164496660005" lon="-105.53266772993335"/><trkpt lat="38.02200109927916" lon="-105.5326052396365"/><trkpt lat="38.02212297241064" lon="-105.53267651900464"/><trkpt lat="38.02243205236655" lon="-105.53301454668642"/><trkpt lat="38.02272541345834" lon="-105.53345694458976"/><trkpt lat="38.02292092981445" lon="-105.53429674035142"/><trkpt lat="38.02297040615106" lon="-105.5349480544793"/><trkpt lat="38.023083485028174" lon="-105.53551393883426"/><trkpt lat="38.02314836862147" lon="-105.53560424654175"/><trkpt lat="38.02377057942998" lon="-105.53583539911665"/><trkpt lat="38.02407034578578" lon="-105.53628654214592"/><trkpt lat="38.02448990789014" lon="-105.53642444267444"/><trkpt lat="38.02476478027391" lon="-105.53662250439594"/><trkpt lat="38.02508528583589" lon="-105.53626043860419"/><trkpt lat="38.02508528583589" lon="-105.53626043860419"/><trkpt lat="38.02521217930945" lon="-105.53604356827013"/><trkpt lat="38.025174128578904" lon="-105.53550739097614"/><trkpt lat="38.02530818902354" lon="-105.53521647271647"/><trkpt lat="38.025420367701386" lon="-105.53450003157035"/><trkpt lat="38.025402536831294" lon="-105.53259236364705"/><trkpt lat="38.02531822970767" lon="-105.53186880335318"/><trkpt lat="38.02528786529395" lon="-105.5317513374154"/><trkpt lat="38.02513867457702" lon="-105.53163193788194"/><trkpt lat="38.02513427744983" lon="-105.53152879813037"/><trkpt lat="38.025332944503376" lon="-105.53137362707675"/><trkpt lat="38.025681183127375" lon="-105.5313633878087"/><trkpt lat="38.02581372015787" lon="-105.53144908125377"/><trkpt lat="38.026263161953274" lon="-105.5314066739848"/><trkpt lat="38.0264785173163" lon="-105.531533807901"/><trkpt lat="38.02673697837498" lon="-105.53182622030278"/><trkpt lat="38.02688876582056" lon="-105.53214636222448"/><trkpt lat="38.02695946608604" lon="-105.53245450706389"/><trkpt lat="38.027072302601816" lon="-105.53248720240907"/><trkpt lat="38.02712046326258" lon="-105.5327291215963"/><trkpt lat="38.02753355085683" lon="-105.53306253501566"/><trkpt lat="38.02749660806385" lon="-105.53313478118166"/><trkpt lat="38.02755865256715" lon="-105.53349306767275"/><trkpt lat="38.02789702362227" lon="-105.53408487978801"/><trkpt lat="38.028167602748" lon="-105.53504605262418"/><trkpt lat="38.028182733020294" lon="-105.53535529609748"/><trkpt lat="38.028572588548855" lon="-105.53628227944634"/><trkpt lat="38.028563725048386" lon="-105.53648425230456"/><trkpt lat="38.02865315638322" lon="-105.5366828853157"/><trkpt lat="38.02889416742535" lon="-105.53702957023269"/><trkpt lat="38.029122298693345" lon="-105.5371396533506"/><trkpt lat="38.029328513571514" lon="-105.53738460476741"/><trkpt lat="38.029440311395824" lon="-105.53739897489898"/><trkpt lat="38.02967297828321" lon="-105.53725399916806"/><trkpt lat="38.02998572828228" lon="-105.53692045391264"/><trkpt lat="38.0307856938229" lon="-105.535804373695"/><trkpt lat="38.0307856938229" lon="-105.535804373695"/><trkpt lat="38.0309582081831" lon="-105.5356223520286"/><trkpt lat="38.03130638611248" lon="-105.53546977375102"/><trkpt lat="38.031572338541395" lon="-105.53554439296627"/><trkpt lat="38.031936677796" lon="-105.53541216138872"/><trkpt lat="38.03247865320123" lon="-105.53548269368582"/><trkpt lat="38.03270210861222" lon="-105.53541572096259"/><trkpt lat="38.03369386719489" lon="-105.53678220182127"/><trkpt lat="38.033971862752665" lon="-105.53686139135358"/><trkpt lat="38.03423874956226" lon="-105.53708511716324"/><trkpt lat="38.034722620331436" lon="-105.53772944397944"/><trkpt lat="38.03496701279116" lon="-105.53890854183823"/><trkpt lat="38.03494593731566" lon="-105.53930369848338"/><trkpt lat="38.03468078084067" lon="-105.540386116558"/><trkpt lat="38.03472781133525" lon="-105.54052164403727"/><trkpt lat="38.034861808447125" lon="-105.54050371433183"/><trkpt lat="38.03540312632521" lon="-105.53998964155214"/><trkpt lat="38.03576431637082" lon="-105.53943817127411"/><trkpt lat="38.03657850801625" lon="-105.53853236958706"/><trkpt lat="38.03703251321012" lon="-105.53789445879289"/><trkpt lat="38.03810224067013" lon="-105.53580538443819"/><trkpt lat="38.0383863616124" lon="-105.53539067210943"/><trkpt lat="38.03853350926728" lon="-105.53525408994159"/><trkpt lat="38.03883572950953" lon="-105.53521396783115"/><trkpt lat="38.039399022637106" lon="-105.53529144349457"/><trkpt lat="38.04018819364413" lon="-105.5351389531077"/><trkpt lat="38.040416746884176" lon="-105.53518744583666"/><trkpt lat="38.040416746884176" lon="-105.53518744583666"/><trkpt lat="38.04049183276076" lon="-105.53520337700026"/><trkpt lat="38.04096078804562" lon="-105.53511539839666"/><trkpt lat="38.04164468549523" lon="-105.53624844152188"/><trkpt lat="38.04160848689527" lon="-105.53681322724292"/><trkpt lat="38.04167008680724" lon="-105.53692212383619"/><trkpt lat="38.04181155896461" lon="-105.5370026317292"/><trkpt lat="38.04213748479096" lon="-105.53693504377098"/><trkpt lat="38.04233515821633" lon="-105.53705497064873"/><trkpt lat="38.04252314176791" lon="-105.53701445303008"/><trkpt lat="38.04346568963439" lon="-105.53661806591494"/><trkpt lat="38.04437788743188" lon="-105.53601214734027"/><trkpt lat="38.044826563195166" lon="-105.53587323606855"/><trkpt lat="38.04472295075897" lon="-105.53714395999552"/><trkpt lat="38.04449243558278" lon="-105.53795237877269"/><trkpt lat="38.044512265217364" lon="-105.53810566017597"/><trkpt lat="38.04465996657932" lon="-105.5383826038123"/><trkpt lat="38.04455759998404" lon="-105.53906560254217"/><trkpt lat="38.044648788617764" lon="-105.53915670126608"/><trkpt lat="38.04471384919894" lon="-105.53941826402765"/><trkpt lat="38.04483372678043" lon="-105.53946106680482"/><trkpt lat="38.04500129238366" lon="-105.53948730218262"/><trkpt lat="38.04508684012657" lon="-105.53942076891296"/><trkpt lat="38.045305000713675" lon="-105.53940780503281"/><trkpt lat="38.045384353858694" lon="-105.5393351633586"/><trkpt lat="38.045384353858694" lon="-105.5393351633586"/><trkpt lat="38.04548325978477" lon="-105.53923703337766"/><trkpt lat="38.04573782661197" lon="-105.53865308748121"/><trkpt lat="38.04607780275532" lon="-105.53838831670863"/><trkpt lat="38.04640235040985" lon="-105.53795427867672"/><trkpt lat="38.04640235040985" lon="-105.53795427867672"/><trkpt lat="38.046494398115016" lon="-105.53783117747962"/><trkpt lat="38.046949960610036" lon="-105.53743360383986"/><trkpt lat="38.046949960610036" lon="-105.53743360383986"/><trkpt lat="38.04727640553677" lon="-105.53713758791883"/><trkpt lat="38.04745047719811" lon="-105.53706195796039"/><trkpt lat="38.04757502668304" lon="-105.5370555858837"/><trkpt lat="38.04773086061764" lon="-105.53716290044414"/><trkpt lat="38.04808104573517" lon="-105.53719840829216"/><trkpt lat="38.04832921032433" lon="-105.53738328640672"/><trkpt lat="38.04874701691825" lon="-105.53718860847768"/><trkpt lat="38.0488903232303" lon="-105.53687844215187"/><trkpt lat="38.04893956855319" lon="-105.53687149878556"/><trkpt lat="38.04910924516464" lon="-105.53712537110975"/><trkpt lat="38.04929224535255" lon="-105.53699489734646"/><trkpt lat="38.04943562087798" lon="-105.53666640580703"/><trkpt lat="38.04988658068295" lon="-105.53619003814316"/><trkpt lat="38.050507909233204" lon="-105.53645085383367"/><trkpt lat="38.05076856683822" lon="-105.53643446221571"/><trkpt lat="38.05115706156392" lon="-105.53631646893366"/><trkpt lat="38.05149226198376" lon="-105.53650666443635"/><trkpt lat="38.0516189570836" lon="-105.53651373963874"/><trkpt lat="38.05182337881393" lon="-105.53623710361991"/><trkpt lat="38.051850752707395" lon="-105.53587697142385"/><trkpt lat="38.051850752707395" lon="-105.53587697142385"/><trkpt lat="38.052025447289196" lon="-105.53597404671623"/><trkpt lat="38.05202735092498" lon="-105.53597214158859"/><trkpt lat="38.05202735092498" lon="-105.53597214158859"/><trkpt lat="38.052025447289196" lon="-105.53597404671623"/><trkpt lat="38.051850752707395" lon="-105.53587697142385"/><trkpt lat="38.051850752707395" lon="-105.53587697142385"/><trkpt lat="38.05182337881393" lon="-105.53623710361991"/><trkpt lat="38.0516189570836" lon="-105.53651373963874"/><trkpt lat="38.05149226198376" lon="-105.53650666443635"/><trkpt lat="38.05115706156392" lon="-105.53631646893366"/><trkpt lat="38.05076856683822" lon="-105.53643446221571"/><trkpt lat="38.050507909233204" lon="-105.53645085383367"/><trkpt lat="38.04988658068295" lon="-105.53619003814316"/><trkpt lat="38.04943562087798" lon="-105.53666640580703"/><trkpt lat="38.04929224535255" lon="-105.53699489734646"/><trkpt lat="38.04910924516464" lon="-105.53712537110975"/><trkpt lat="38.04893956855319" lon="-105.53687149878556"/><trkpt lat="38.0488903232303" lon="-105.53687844215187"/><trkpt lat="38.04874701691825" lon="-105.53718860847768"/><trkpt lat="38.04832921032433" lon="-105.53738328640672"/><trkpt lat="38.04808104573517" lon="-105.53719840829216"/><trkpt lat="38.04773086061764" lon="-105.53716290044414"/><trkpt lat="38.04757502668304" lon="-105.5370555858837"/><trkpt lat="38.04745047719811" lon="-105.53706195796039"/><trkpt lat="38.04727640553677" lon="-105.53713758791883"/><trkpt lat="38.046949960610036" lon="-105.53743360383986"/><trkpt lat="38.046949960610036" lon="-105.53743360383986"/><trkpt lat="38.046494398115016" lon="-105.53783117747962"/><trkpt lat="38.04641498289256" lon="-105.53793738446149"/><trkpt lat="38.04641498289256" lon="-105.53793738446149"/><trkpt lat="38.04607780275532" lon="-105.53838831670863"/><trkpt lat="38.04573782661197" lon="-105.53865308748121"/><trkpt lat="38.04548325978477" lon="-105.53923703337766"/><trkpt lat="38.045384353858694" lon="-105.5393351633586"/><trkpt lat="38.045384353858694" lon="-105.5393351633586"/><trkpt lat="38.04554870103956" lon="-105.53934689676878"/><trkpt lat="38.04597308290498" lon="-105.53917902550715"/><trkpt lat="38.0464167753046" lon="-105.53936592510811"/><trkpt lat="38.0464167753046" lon="-105.53936592510811"/><trkpt lat="38.047161718959096" lon="-105.53953691649004"/><trkpt lat="38.0473846898764" lon="-105.53951424068612"/><trkpt lat="38.0475304532636" lon="-105.53956877687347"/><trkpt lat="38.04761814662142" lon="-105.5397200807357"/><trkpt lat="38.04769528493814" lon="-105.53966233653733"/><trkpt lat="38.04773058376411" lon="-105.53950707759302"/><trkpt lat="38.04796466342958" lon="-105.5395768188737"/><trkpt lat="38.048110738277" lon="-105.5395584497147"/><trkpt lat="38.048554915170314" lon="-105.53990671666453"/><trkpt lat="38.04870140529804" lon="-105.5398008962462"/><trkpt lat="38.04890648455552" lon="-105.53949143304612"/><trkpt lat="38.048875429294846" lon="-105.53937352793152"/><trkpt lat="38.048875429294846" lon="-105.53937352793152"/><trkpt lat="38.04883851701221" lon="-105.53923338591308"/><trkpt lat="38.048935623390285" lon="-105.53900570502132"/><trkpt lat="38.04946233724429" lon="-105.53894154480092"/><trkpt lat="38.049853462078595" lon="-105.5391193477131"/><trkpt lat="38.05005338493895" lon="-105.53910137406231"/><trkpt lat="38.050226799073144" lon="-105.53899085149085"/><trkpt lat="38.05074773360957" lon="-105.53894466492123"/><trkpt lat="38.051100998722696" lon="-105.53948339104589"/><trkpt lat="38.05138778438026" lon="-105.53971858659358"/><trkpt lat="38.05138778438026" lon="-105.53971858659358"/><trkpt lat="38.051639617278795" lon="-105.53998344525688"/><trkpt lat="38.051642662667696" lon="-105.54027928539648"/><trkpt lat="38.05234514391097" lon="-105.54043511563043"/><trkpt lat="38.052582165145274" lon="-105.54069927116802"/><trkpt lat="38.05267736815529" lon="-105.54088951061607"/><trkpt lat="38.05267664141475" lon="-105.54104498928717"/><trkpt lat="38.052895182675464" lon="-105.54115349037224"/><trkpt lat="38.052895182675464" lon="-105.54115349037224"/><trkpt lat="38.05380371216359" lon="-105.54196788571788"/><trkpt lat="38.05385465321439" lon="-105.54231654817592"/><trkpt lat="38.05395196723262" lon="-105.54251127005033"/><trkpt lat="38.05426595375019" lon="-105.54287562100062"/><trkpt lat="38.054909499796786" lon="-105.54398638383013"/><trkpt lat="38.05555712943305" lon="-105.54479831823582"/><trkpt lat="38.056094121474615" lon="-105.54518582838895"/><trkpt lat="38.0566349894657" lon="-105.54575566782599"/><trkpt lat="38.0568834655151" lon="-105.54591668361199"/><trkpt lat="38.05806687595871" lon="-105.54623555111836"/><trkpt lat="38.05815806459243" lon="-105.54636119089244"/><trkpt lat="38.05827787296054" lon="-105.54700881361038"/><trkpt lat="38.05828153699268" lon="-105.54705878947277"/><trkpt lat="38.05828153699268" lon="-105.54705878947277"/><trkpt lat="38.058326391542884" lon="-105.54767058673309"/><trkpt lat="38.058433464648296" lon="-105.54793316023785"/><trkpt lat="38.0587191774984" lon="-105.54851662273538"/><trkpt lat="38.05917674718157" lon="-105.54866801448833"/><trkpt lat="38.05917674718157" lon="-105.54866801448833"/><trkpt lat="38.05917470538673" lon="-105.54934569583007"/><trkpt lat="38.05899963013132" lon="-105.55006850905288"/><trkpt lat="38.05842052174544" lon="-105.55149787571662"/><trkpt lat="38.058276869366466" lon="-105.55250290601853"/><trkpt lat="38.0581586529062" lon="-105.55272997167529"/><trkpt lat="38.05799883920201" lon="-105.55344373215468"/><trkpt lat="38.05798932236167" lon="-105.55385717006811"/><trkpt lat="38.05812117385864" lon="-105.55417507077664"/><trkpt lat="38.05824195121412" lon="-105.55428242928242"/><trkpt lat="38.05868709709481" lon="-105.55399889384265"/><trkpt lat="38.05890982576528" lon="-105.55400350810507"/><trkpt lat="38.05945899936247" lon="-105.55377486041549"/><trkpt lat="38.060398674873504" lon="-105.5535151433589"/><trkpt lat="38.060921166711076" lon="-105.55367400582244"/><trkpt lat="38.06172978667906" lon="-105.55421585206741"/><trkpt lat="38.06230827214448" lon="-105.55447332791083"/><trkpt lat="38.06230827214448" lon="-105.55447332791083"/><trkpt lat="38.06303743514737" lon="-105.5531746107918"/><trkpt lat="38.06330030758068" lon="-105.55320089011495"/><trkpt lat="38.064050234598845" lon="-105.55399331278238"/><trkpt lat="38.06442876259721" lon="-105.55450255157287"/><trkpt lat="38.064888789355514" lon="-105.5549391926345"/><trkpt lat="38.0650143770412" lon="-105.5552893052893"/><trkpt lat="38.065193639706365" lon="-105.55550727425728"/><trkpt lat="38.06529853259017" lon="-105.55593143483769"/><trkpt lat="38.0653923513325" lon="-105.55593499441156"/><trkpt lat="38.0653923513325" lon="-105.55593499441156"/><trkpt lat="38.06562417572833" lon="-105.55594369559213"/><trkpt lat="38.06596620491753" lon="-105.55531136585824"/><trkpt lat="38.06621224593925" lon="-105.55520150246713"/><trkpt lat="38.066487308248355" lon="-105.55555420789796"/><trkpt lat="38.06681408310175" lon="-105.55581124428781"/><trkpt lat="38.06681408310175" lon="-105.55581124428781"/><trkpt lat="38.06717299237229" lon="-105.5558176163645"/><trkpt lat="38.0678705063893" lon="-105.55545119998246"/><trkpt lat="38.067997695035" lon="-105.55553865124178"/><trkpt lat="38.06885833705122" lon="-105.5553002037377"/><trkpt lat="38.06917656809294" lon="-105.5553328990829"/><trkpt lat="38.06940123229034" lon="-105.55521134622697"/><trkpt lat="38.06940123229034" lon="-105.55521134622697"/><trkpt lat="38.06980123487366" lon="-105.55507454433236"/><trkpt lat="38.070630780182654" lon="-105.55525718123374"/><trkpt lat="38.07098757944302" lon="-105.5556782656392"/><trkpt lat="38.0711210635289" lon="-105.55595186942843"/><trkpt lat="38.07107813692859" lon="-105.556640625"/><trkpt lat="38.07107813692859" lon="-105.556640625"/><trkpt lat="38.07120044833768" lon="-105.55743766192985"/><trkpt lat="38.07135959844887" lon="-105.55774259875822"/><trkpt lat="38.0715268081071" lon="-105.55780421014796"/><trkpt lat="38.07151757248882" lon="-105.55823184241153"/><trkpt lat="38.07198969591149" lon="-105.55826343912281"/><trkpt lat="38.07261484695683" lon="-105.55898062734"/><trkpt lat="38.072778908894975" lon="-105.55929009054009"/><trkpt lat="38.073085898079256" lon="-105.55953912887507"/><trkpt lat="38.073167289127205" lon="-105.5597499786953"/><trkpt lat="38.07335594479042" lon="-105.5599913265929"/><trkpt lat="38.07382063129201" lon="-105.56045943252974"/><trkpt lat="38.0738573316328" lon="-105.56077706956613"/><trkpt lat="38.07355227950704" lon="-105.56176399438118"/><trkpt lat="38.073551383941926" lon="-105.56185334745132"/><trkpt lat="38.073551383941926" lon="-105.56185334745132"/><trkpt lat="38.073549685232244" lon="-105.56202283253064"/><trkpt lat="38.073877601566544" lon="-105.56230852129289"/><trkpt lat="38.07419790802811" lon="-105.56296089010932"/><trkpt lat="38.074233709020305" lon="-105.5637935227779"/><trkpt lat="38.074121013723136" lon="-105.56419456810082"/><trkpt lat="38.07415076140747" lon="-105.56443349900381"/><trkpt lat="38.07466024238721" lon="-105.56556390540766"/><trkpt lat="38.07466024238721" lon="-105.56556390540766"/><trkpt lat="38.07480355012698" lon="-105.56592570752727"/><trkpt lat="38.0748135121422" lon="-105.56617158179658"/><trkpt lat="38.07514125552485" lon="-105.56691430226587"/><trkpt lat="38.07536747628712" lon="-105.5672077693562"/><trkpt lat="38.07597235739872" lon="-105.56760266232922"/><trkpt lat="38.07620892066985" lon="-105.56808544601513"/><trkpt lat="38.076819301644015" lon="-105.56856396700147"/><trkpt lat="38.07720270086864" lon="-105.56897736096955"/><trkpt lat="38.07776209569546" lon="-105.56994749865844"/><trkpt lat="38.07826936289405" lon="-105.57049132244445"/><trkpt lat="38.07839703580437" lon="-105.5708598482036"/><trkpt lat="38.0783907764125" lon="-105.57089355929075"/><trkpt lat="38.0783907764125" lon="-105.57089355929075"/><trkpt lat="38.07831388064956" lon="-105.57130769533113"/><trkpt lat="38.07842771742764" lon="-105.57140485851423"/><trkpt lat="38.0785008759769" lon="-105.57139505869975"/><trkpt lat="38.07866950383869" lon="-105.57113824203668"/><trkpt lat="38.07898745815777" lon="-105.57086824176668"/><trkpt lat="38.07904460138396" lon="-105.57092449182294"/><trkpt lat="38.079141661851686" lon="-105.57090287070756"/><trkpt lat="38.07953830917294" lon="-105.57120987296769"/><trkpt lat="38.079774422769766" lon="-105.57128607421576"/><trkpt lat="38.08021524194322" lon="-105.57161373079342"/><trkpt lat="38.08030825534227" lon="-105.57142916029635"/><trkpt lat="38.08054402303579" lon="-105.57024057024057"/><trkpt lat="38.08035747738274" lon="-105.56968044272732"/><trkpt lat="38.080368615469204" lon="-105.56924722940347"/><trkpt lat="38.08051558978402" lon="-105.56884772216803"/><trkpt lat="38.08075073485159" lon="-105.56843555866993"/><trkpt lat="38.08103406424972" lon="-105.56818080743862"/><trkpt lat="38.08107263246836" lon="-105.56798129552035"/><trkpt lat="38.081189962869836" lon="-105.5678251576689"/><trkpt lat="38.08143513913329" lon="-105.567679566703"/><trkpt lat="38.08182673626627" lon="-105.56836300488644"/><trkpt lat="38.082201487908236" lon="-105.56864188211844"/><trkpt lat="38.08249069766257" lon="-105.56872028063434"/><trkpt lat="38.082551507463805" lon="-105.5688764184858"/><trkpt lat="38.08239349883352" lon="-105.56992504258129"/><trkpt lat="38.08240155838055" lon="-105.57021095107032"/><trkpt lat="38.08252386978964" lon="-105.57041446201602"/><trkpt lat="38.082838607207975" lon="-105.56988395367301"/><trkpt lat="38.083562167743935" lon="-105.56958503735848"/><trkpt lat="38.08380993828219" lon="-105.56957031566407"/><trkpt lat="38.08398008811852" lon="-105.56933657031313"/><trkpt lat="38.084190570280356" lon="-105.56930268844332"/><trkpt lat="38.08450925099638" lon="-105.56936728811729"/><trkpt lat="38.08472220137456" lon="-105.56944350045536"/><trkpt lat="38.08472220137456" lon="-105.56944350045536"/><trkpt lat="38.08477521604854" lon="-105.56946247375934"/><trkpt lat="38.08498808494319" lon="-105.56965926106551"/><trkpt lat="38.08531814587799" lon="-105.56955093576187"/><trkpt lat="38.08531814587799" lon="-105.56955093576187"/><trkpt lat="38.08530507073302" lon="-105.56935124806219"/><trkpt lat="38.08506736598098" lon="-105.56921194128225"/><trkpt lat="38.08509590300375" lon="-105.56911016383673"/><trkpt lat="38.08486739927965" lon="-105.5685628244222"/><trkpt lat="38.08456096354067" lon="-105.56809924485705"/><trkpt lat="38.08453024732707" lon="-105.56793045074295"/><trkpt lat="38.084670268985434" lon="-105.56787160791067"/><trkpt lat="38.08465404612037" lon="-105.56769635382916"/><trkpt lat="38.08456476847704" lon="-105.56731424895487"/><trkpt lat="38.08443557359216" lon="-105.56720680255836"/><trkpt lat="38.08458995023773" lon="-105.56703001038939"/><trkpt lat="38.0844516580959" lon="-105.56685589888716"/><trkpt lat="38.084550344309164" lon="-105.56667106471794"/><trkpt lat="38.08458590316904" lon="-105.56631444815038"/><trkpt lat="38.08437092426423" lon="-105.5664365283506"/><trkpt lat="38.084262310626066" lon="-105.56641789551946"/><trkpt lat="38.08414885434163" lon="-105.56587859810516"/><trkpt lat="38.08408230254551" lon="-105.5658202386718"/><trkpt lat="38.08388870046502" lon="-105.5658587787494"/><trkpt lat="38.083730968557376" lon="-105.56578446715166"/><trkpt lat="38.0837201054996" lon="-105.56570984016143"/><trkpt lat="38.0837201054996" lon="-105.56570984016143"/><trkpt lat="38.08367271844061" lon="-105.56538430073586"/><trkpt lat="38.08360537106689" lon="-105.56530766003422"/><trkpt lat="38.08349267576972" lon="-105.56528300668926"/><trkpt lat="38.08331716443214" lon="-105.56501994978558"/><trkpt lat="38.08309267318639" lon="-105.56482975428288"/><trkpt lat="38.08280619606818" lon="-105.56466333321802"/><trkpt lat="38.08267565216041" lon="-105.5646866682023"/><trkpt lat="38.08267565216041" lon="-105.5646866682023"/><trkpt lat="38.08280619606818" lon="-105.56466333321802"/><trkpt lat="38.08309267318639" lon="-105.56482975428288"/><trkpt lat="38.08331716443214" lon="-105.56501994978558"/><trkpt lat="38.08349267576972" lon="-105.56528300668926"/><trkpt lat="38.08360537106689" lon="-105.56530766003422"/><trkpt lat="38.08367271844061" lon="-105.56538430073586"/><trkpt lat="38.083730968557376" lon="-105.56578446715166"/><trkpt lat="38.08388870046502" lon="-105.5658587787494"/><trkpt lat="38.08408230254551" lon="-105.5658202386718"/><trkpt lat="38.08414885434163" lon="-105.56587859810516"/><trkpt lat="38.084262310626066" lon="-105.56641789551946"/><trkpt lat="38.08437092426423" lon="-105.5664365283506"/><trkpt lat="38.08458590316904" lon="-105.56631444815038"/><trkpt lat="38.084550344309164" lon="-105.56667106471794"/><trkpt lat="38.0844516580959" lon="-105.56685589888716"/><trkpt lat="38.08458995023773" lon="-105.56703001038939"/><trkpt lat="38.08443557359216" lon="-105.56720680255836"/><trkpt lat="38.08456476847704" lon="-105.56731424895487"/><trkpt lat="38.08465404612037" lon="-105.56769635382916"/><trkpt lat="38.084670268985434" lon="-105.56787160791067"/><trkpt lat="38.08453024732707" lon="-105.56793045074295"/><trkpt lat="38.08456096354067" lon="-105.56809924485705"/><trkpt lat="38.08486739927965" lon="-105.5685628244222"/><trkpt lat="38.08509590300375" lon="-105.56911016383673"/><trkpt lat="38.08506736598098" lon="-105.56921194128225"/><trkpt lat="38.08530507073302" lon="-105.56935124806219"/><trkpt lat="38.08531814587799" lon="-105.56955093576187"/><trkpt lat="38.08531814587799" lon="-105.56955093576187"/><trkpt lat="38.08498808494319" lon="-105.56965926106551"/><trkpt lat="38.08484342085361" lon="-105.56952552590174"/><trkpt lat="38.08484342085361" lon="-105.56952552590174"/><trkpt lat="38.08477521604854" lon="-105.56946247375934"/><trkpt lat="38.08450925099638" lon="-105.56936728811729"/><trkpt lat="38.084190570280356" lon="-105.56930268844332"/><trkpt lat="38.08398008811852" lon="-105.56933657031313"/><trkpt lat="38.08380993828219" lon="-105.56957031566407"/><trkpt lat="38.083562167743935" lon="-105.56958503735848"/><trkpt lat="38.082838607207975" lon="-105.56988395367301"/><trkpt lat="38.08252386978964" lon="-105.57041446201602"/><trkpt lat="38.08240155838055" lon="-105.57021095107032"/><trkpt lat="38.08239349883352" lon="-105.56992504258129"/><trkpt lat="38.082551507463805" lon="-105.5688764184858"/><trkpt lat="38.08249069766257" lon="-105.56872028063434"/><trkpt lat="38.082201487908236" lon="-105.56864188211844"/><trkpt lat="38.08182673626627" lon="-105.56836300488644"/><trkpt lat="38.08143513913329" lon="-105.567679566703"/><trkpt lat="38.081189962869836" lon="-105.5678251576689"/><trkpt lat="38.08107263246836" lon="-105.56798129552035"/><trkpt lat="38.08103406424972" lon="-105.56818080743862"/><trkpt lat="38.08075073485159" lon="-105.56843555866993"/><trkpt lat="38.08051558978402" lon="-105.56884772216803"/><trkpt lat="38.080368615469204" lon="-105.56924722940347"/><trkpt lat="38.08035747738274" lon="-105.56968044272732"/><trkpt lat="38.08054402303579" lon="-105.57024057024057"/><trkpt lat="38.08030825534227" lon="-105.57142916029635"/><trkpt lat="38.08021524194322" lon="-105.57161373079342"/><trkpt lat="38.079774422769766" lon="-105.57128607421576"/><trkpt lat="38.07953830917294" lon="-105.57120987296769"/><trkpt lat="38.079141661851686" lon="-105.57090287070756"/><trkpt lat="38.07904460138396" lon="-105.57092449182294"/><trkpt lat="38.07898745815777" lon="-105.57086824176668"/><trkpt lat="38.07866950383869" lon="-105.57113824203668"/><trkpt lat="38.0785008759769" lon="-105.57139505869975"/><trkpt lat="38.07842771742764" lon="-105.57140485851423"/><trkpt lat="38.07831388064956" lon="-105.57130769533113"/><trkpt lat="38.07839703580437" lon="-105.5708598482036"/><trkpt lat="38.07836145138916" lon="-105.57075713437342"/><trkpt lat="38.07836145138916" lon="-105.57075713437342"/><trkpt lat="38.07826936289405" lon="-105.57049132244445"/><trkpt lat="38.07776209569546" lon="-105.56994749865844"/><trkpt lat="38.07720270086864" lon="-105.56897736096955"/><trkpt lat="38.076819301644015" lon="-105.56856396700147"/><trkpt lat="38.07620892066985" lon="-105.56808544601513"/><trkpt lat="38.07597235739872" lon="-105.56760266232922"/><trkpt lat="38.07536747628712" lon="-105.5672077693562"/><trkpt lat="38.07514125552485" lon="-105.56691430226587"/><trkpt lat="38.0748135121422" lon="-105.56617158179658"/><trkpt lat="38.07480355012698" lon="-105.56592570752727"/><trkpt lat="38.07466024238721" lon="-105.56556390540766"/><trkpt lat="38.07466024238721" lon="-105.56556390540766"/><trkpt lat="38.07415076140747" lon="-105.56443349900381"/><trkpt lat="38.074121013723136" lon="-105.56419456810082"/><trkpt lat="38.074233709020305" lon="-105.5637935227779"/><trkpt lat="38.07419790802811" lon="-105.56296089010932"/><trkpt lat="38.073877601566544" lon="-105.56230852129289"/><trkpt lat="38.073549685232244" lon="-105.56202283253064"/><trkpt lat="38.07355137887614" lon="-105.56185385287895"/><trkpt lat="38.07355137887614" lon="-105.56185385287895"/><trkpt lat="38.07355227950704" lon="-105.56176399438118"/><trkpt lat="38.0738573316328" lon="-105.56077706956613"/><trkpt lat="38.07382063129201" lon="-105.56045943252974"/><trkpt lat="38.07335594479042" lon="-105.5599913265929"/><trkpt lat="38.073167289127205" lon="-105.5597499786953"/><trkpt lat="38.073085898079256" lon="-105.55953912887507"/><trkpt lat="38.072778908894975" lon="-105.55929009054009"/><trkpt lat="38.07261484695683" lon="-105.55898062734"/><trkpt lat="38.07198969591149" lon="-105.55826343912281"/><trkpt lat="38.07151757248882" lon="-105.55823184241153"/><trkpt lat="38.0715268081071" lon="-105.55780421014796"/><trkpt lat="38.07135959844887" lon="-105.55774259875822"/><trkpt lat="38.07120044833768" lon="-105.55743766192985"/><trkpt lat="38.07107813692859" lon="-105.556640625"/><trkpt lat="38.07107813692859" lon="-105.556640625"/><trkpt lat="38.0711210635289" lon="-105.55595186942843"/><trkpt lat="38.07098757944302" lon="-105.5556782656392"/><trkpt lat="38.070630780182654" lon="-105.55525718123374"/><trkpt lat="38.06980123487366" lon="-105.55507454433236"/><trkpt lat="38.06940123229034" lon="-105.55521134622697"/><trkpt lat="38.06940123229034" lon="-105.55521134622697"/><trkpt lat="38.06917656809294" lon="-105.5553328990829"/><trkpt lat="38.06885833705122" lon="-105.5553002037377"/><trkpt lat="38.067997695035" lon="-105.55553865124178"/><trkpt lat="38.0678705063893" lon="-105.55545119998246"/><trkpt lat="38.06717299237229" lon="-105.5558176163645"/><trkpt lat="38.06681408310175" lon="-105.55581124428781"/><trkpt lat="38.06681408310175" lon="-105.55581124428781"/><trkpt lat="38.066487308248355" lon="-105.55555420789796"/><trkpt lat="38.06621224593925" lon="-105.55520150246713"/><trkpt lat="38.06596620491753" lon="-105.55531136585824"/><trkpt lat="38.06562417572833" lon="-105.55594369559213"/><trkpt lat="38.0653923513325" lon="-105.55593499441156"/><trkpt lat="38.0653923513325" lon="-105.55593499441156"/><trkpt lat="38.06529853259017" lon="-105.55593143483769"/><trkpt lat="38.065193639706365" lon="-105.55550727425728"/><trkpt lat="38.0650143770412" lon="-105.5552893052893"/><trkpt lat="38.064888789355514" lon="-105.5549391926345"/><trkpt lat="38.06442876259721" lon="-105.55450255157287"/><trkpt lat="38.064050234598845" lon="-105.55399331278238"/><trkpt lat="38.06330030758068" lon="-105.55320089011495"/><trkpt lat="38.06303743514737" lon="-105.5531746107918"/><trkpt lat="38.06230827214448" lon="-105.55447332791083"/><trkpt lat="38.06230827214448" lon="-105.55447332791083"/><trkpt lat="38.06172978667906" lon="-105.55421585206741"/><trkpt lat="38.060921166711076" lon="-105.55367400582244"/><trkpt lat="38.060398674873504" lon="-105.5535151433589"/><trkpt lat="38.05945899936247" lon="-105.55377486041549"/><trkpt lat="38.05890982576528" lon="-105.55400350810507"/><trkpt lat="38.05868709709481" lon="-105.55399889384265"/><trkpt lat="38.05824195121412" lon="-105.55428242928242"/><trkpt lat="38.05812117385864" lon="-105.55417507077664"/><trkpt lat="38.05798932236167" lon="-105.55385717006811"/><trkpt lat="38.05799883920201" lon="-105.55344373215468"/><trkpt lat="38.0581586529062" lon="-105.55272997167529"/><trkpt lat="38.058276869366466" lon="-105.55250290601853"/><trkpt lat="38.05842052174544" lon="-105.55149787571662"/><trkpt lat="38.05899963013132" lon="-105.55006850905288"/><trkpt lat="38.05917470538673" lon="-105.54934569583007"/><trkpt lat="38.05917674718157" lon="-105.54866801448833"/><trkpt lat="38.05917674718157" lon="-105.54866801448833"/><trkpt lat="38.0587191774984" lon="-105.54851662273538"/><trkpt lat="38.058433464648296" lon="-105.54793316023785"/><trkpt lat="38.058326391542884" lon="-105.54767058673309"/><trkpt lat="38.05827787296054" lon="-105.54700881361038"/><trkpt lat="38.05826336837708" lon="-105.54693040925586"/><trkpt lat="38.05826336837708" lon="-105.54693040925586"/><trkpt lat="38.05815806459243" lon="-105.54636119089244"/><trkpt lat="38.05806687595871" lon="-105.54623555111836"/><trkpt lat="38.0568834655151" lon="-105.54591668361199"/><trkpt lat="38.0566349894657" lon="-105.54575566782599"/><trkpt lat="38.056094121474615" lon="-105.54518582838895"/><trkpt lat="38.05555712943305" lon="-105.54479831823582"/><trkpt lat="38.054909499796786" lon="-105.54398638383013"/><trkpt lat="38.05426595375019" lon="-105.54287562100062"/><trkpt lat="38.05395196723262" lon="-105.54251127005033"/><trkpt lat="38.05385465321439" lon="-105.54231654817592"/><trkpt lat="38.05380371216359" lon="-105.54196788571788"/><trkpt lat="38.052895182675464" lon="-105.54115349037224"/><trkpt lat="38.052895182675464" lon="-105.54115349037224"/><trkpt lat="38.05267664141475" lon="-105.54104498928717"/><trkpt lat="38.05267736815529" lon="-105.54088951061607"/><trkpt lat="38.052582165145274" lon="-105.54069927116802"/><trkpt lat="38.05234514391097" lon="-105.54043511563043"/><trkpt lat="38.051642662667696" lon="-105.54027928539648"/><trkpt lat="38.051639617278795" lon="-105.53998344525688"/><trkpt lat="38.05138778438026" lon="-105.53971858659358"/><trkpt lat="38.05138778438026" lon="-105.53971858659358"/><trkpt lat="38.051100998722696" lon="-105.53948339104589"/><trkpt lat="38.05074773360957" lon="-105.53894466492123"/><trkpt lat="38.050226799073144" lon="-105.53899085149085"/><trkpt lat="38.05005338493895" lon="-105.53910137406231"/><trkpt lat="38.049853462078595" lon="-105.5391193477131"/><trkpt lat="38.04946233724429" lon="-105.53894154480092"/><trkpt lat="38.048935623390285" lon="-105.53900570502132"/><trkpt lat="38.04883851701221" lon="-105.53923338591308"/><trkpt lat="38.04890648455552" lon="-105.53949143304612"/><trkpt lat="38.04870140529804" lon="-105.5398008962462"/><trkpt lat="38.048554915170314" lon="-105.53990671666453"/><trkpt lat="38.048110738277" lon="-105.5395584497147"/><trkpt lat="38.04796466342958" lon="-105.5395768188737"/><trkpt lat="38.04773058376411" lon="-105.53950707759302"/><trkpt lat="38.04769528493814" lon="-105.53966233653733"/><trkpt lat="38.04761814662142" lon="-105.5397200807357"/><trkpt lat="38.0475304532636" lon="-105.53956877687347"/><trkpt lat="38.0473846898764" lon="-105.53951424068612"/><trkpt lat="38.047161718959096" lon="-105.53953691649004"/><trkpt lat="38.0464167753046" lon="-105.53936592510811"/><trkpt lat="38.0464167753046" lon="-105.53936592510811"/><trkpt lat="38.04597308290498" lon="-105.53917902550715"/><trkpt lat="38.04554870103956" lon="-105.53934689676878"/><trkpt lat="38.045384353858694" lon="-105.5393351633586"/><trkpt lat="38.045384353858694" lon="-105.5393351633586"/><trkpt lat="38.04548325978477" lon="-105.53923703337766"/><trkpt lat="38.04573782661197" lon="-105.53865308748121"/><trkpt lat="38.04607780275532" lon="-105.53838831670863"/><trkpt lat="38.046384257998064" lon="-105.53797847479922"/><trkpt lat="38.046384257998064" lon="-105.53797847479922"/><trkpt lat="38.046494398115016" lon="-105.53783117747962"/><trkpt lat="38.046949960610036" lon="-105.53743360383986"/><trkpt lat="38.046949960610036" lon="-105.53743360383986"/><trkpt lat="38.04727640553677" lon="-105.53713758791883"/><trkpt lat="38.04745047719811" lon="-105.53706195796039"/><trkpt lat="38.04757502668304" lon="-105.5370555858837"/><trkpt lat="38.04773086061764" lon="-105.53716290044414"/><trkpt lat="38.04808104573517" lon="-105.53719840829216"/><trkpt lat="38.04832921032433" lon="-105.53738328640672"/><trkpt lat="38.04874701691825" lon="-105.53718860847768"/><trkpt lat="38.0488903232303" lon="-105.53687844215187"/><trkpt lat="38.04893956855319" lon="-105.53687149878556"/><trkpt lat="38.04910924516464" lon="-105.53712537110975"/><trkpt lat="38.04929224535255" lon="-105.53699489734646"/><trkpt lat="38.04943562087798" lon="-105.53666640580703"/><trkpt lat="38.04988658068295" lon="-105.53619003814316"/><trkpt lat="38.050507909233204" lon="-105.53645085383367"/><trkpt lat="38.05076856683822" lon="-105.53643446221571"/><trkpt lat="38.05115706156392" lon="-105.53631646893366"/><trkpt lat="38.05149226198376" lon="-105.53650666443635"/><trkpt lat="38.0516189570836" lon="-105.53651373963874"/><trkpt lat="38.05182337881393" lon="-105.53623710361991"/><trkpt lat="38.051850752707395" lon="-105.53587697142385"/><trkpt lat="38.051850752707395" lon="-105.53587697142385"/><trkpt lat="38.05186317650986" lon="-105.53584862666894"/><trkpt lat="38.052019085263446" lon="-105.53592418744536"/><trkpt lat="38.052019085263446" lon="-105.53592418744536"/><trkpt lat="38.05186317650986" lon="-105.53584862666894"/><trkpt lat="38.051850752707395" lon="-105.53587697142385"/><trkpt lat="38.051850752707395" lon="-105.53587697142385"/><trkpt lat="38.05182337881393" lon="-105.53623710361991"/><trkpt lat="38.0516189570836" lon="-105.53651373963874"/><trkpt lat="38.05149226198376" lon="-105.53650666443635"/><trkpt lat="38.05115706156392" lon="-105.53631646893366"/><trkpt lat="38.05076856683822" lon="-105.53643446221571"/><trkpt lat="38.050507909233204" lon="-105.53645085383367"/><trkpt lat="38.04988658068295" lon="-105.53619003814316"/><trkpt lat="38.04943562087798" lon="-105.53666640580703"/><trkpt lat="38.04929224535255" lon="-105.53699489734646"/><trkpt lat="38.04910924516464" lon="-105.53712537110975"/><trkpt lat="38.04893956855319" lon="-105.53687149878556"/><trkpt lat="38.0488903232303" lon="-105.53687844215187"/><trkpt lat="38.04874701691825" lon="-105.53718860847768"/><trkpt lat="38.04832921032433" lon="-105.53738328640672"/><trkpt lat="38.04808104573517" lon="-105.53719840829216"/><trkpt lat="38.04773086061764" lon="-105.53716290044414"/><trkpt lat="38.04757502668304" lon="-105.5370555858837"/><trkpt lat="38.04745047719811" lon="-105.53706195796039"/><trkpt lat="38.04727640553677" lon="-105.53713758791883"/><trkpt lat="38.046949960610036" lon="-105.53743360383986"/><trkpt lat="38.046949960610036" lon="-105.53743360383986"/><trkpt lat="38.046494398115016" lon="-105.53783117747962"/><trkpt lat="38.04607780275532" lon="-105.53838831670863"/><trkpt lat="38.04573782661197" lon="-105.53865308748121"/><trkpt lat="38.04548325978477" lon="-105.53923703337766"/><trkpt lat="38.045384353858694" lon="-105.5393351633586"/><trkpt lat="38.045384353858694" lon="-105.5393351633586"/><trkpt lat="38.045305000713675" lon="-105.53940780503281"/><trkpt lat="38.04508684012657" lon="-105.53942076891296"/><trkpt lat="38.04500129238366" lon="-105.53948730218262"/><trkpt lat="38.04483372678043" lon="-105.53946106680482"/><trkpt lat="38.04471384919894" lon="-105.53941826402765"/><trkpt lat="38.044648788617764" lon="-105.53915670126608"/><trkpt lat="38.04455759998404" lon="-105.53906560254217"/><trkpt lat="38.04465996657932" lon="-105.5383826038123"/><trkpt lat="38.044512265217364" lon="-105.53810566017597"/><trkpt lat="38.04449243558278" lon="-105.53795237877269"/><trkpt lat="38.04472295075897" lon="-105.53714395999552"/><trkpt lat="38.044826563195166" lon="-105.53587323606855"/><trkpt lat="38.04437788743188" lon="-105.53601214734027"/><trkpt lat="38.04346568963439" lon="-105.53661806591494"/><trkpt lat="38.04252314176791" lon="-105.53701445303008"/><trkpt lat="38.04233515821633" lon="-105.53705497064873"/><trkpt lat="38.04213748479096" lon="-105.53693504377098"/><trkpt lat="38.04181155896461" lon="-105.5370026317292"/><trkpt lat="38.04167008680724" lon="-105.53692212383619"/><trkpt lat="38.04160848689527" lon="-105.53681322724292"/><trkpt lat="38.04164468549523" lon="-105.53624844152188"/><trkpt lat="38.04096078804562" lon="-105.53511539839666"/><trkpt lat="38.04049183276076" lon="-105.53520337700026"/><trkpt lat="38.04024588525076" lon="-105.53515119368431"/><trkpt lat="38.04024588525076" lon="-105.53515119368431"/><trkpt lat="38.04018819364413" lon="-105.5351389531077"/><trkpt lat="38.039399022637106" lon="-105.53529144349457"/><trkpt lat="38.03883572950953" lon="-105.53521396783115"/><trkpt lat="38.03853350926728" lon="-105.53525408994159"/><trkpt lat="38.0383863616124" lon="-105.53539067210943"/><trkpt lat="38.03810224067013" lon="-105.53580538443819"/><trkpt lat="38.03703251321012" lon="-105.53789445879289"/><trkpt lat="38.03657850801625" lon="-105.53853236958706"/><trkpt lat="38.03576431637082" lon="-105.53943817127411"/><trkpt lat="38.03540312632521" lon="-105.53998964155214"/><trkpt lat="38.034861808447125" lon="-105.54050371433183"/><trkpt lat="38.03472781133525" lon="-105.54052164403727"/><trkpt lat="38.03468078084067" lon="-105.540386116558"/><trkpt lat="38.03494593731566" lon="-105.53930369848338"/><trkpt lat="38.03496701279116" lon="-105.53890854183823"/><trkpt lat="38.034722620331436" lon="-105.53772944397944"/><trkpt lat="38.03423874956226" lon="-105.53708511716324"/><trkpt lat="38.033971862752665" lon="-105.53686139135358"/><trkpt lat="38.03369386719489" lon="-105.53678220182127"/><trkpt lat="38.03270210861222" lon="-105.53541572096259"/><trkpt lat="38.03247865320123" lon="-105.53548269368582"/><trkpt lat="38.031936677796" lon="-105.53541216138872"/><trkpt lat="38.031572338541395" lon="-105.53554439296627"/><trkpt lat="38.03130638611248" lon="-105.53546977375102"/><trkpt lat="38.0309582081831" lon="-105.5356223520286"/><trkpt lat="38.0307856938229" lon="-105.535804373695"/><trkpt lat="38.0307856938229" lon="-105.535804373695"/><trkpt lat="38.02998572828228" lon="-105.53692045391264"/><trkpt lat="38.02967297828321" lon="-105.53725399916806"/><trkpt lat="38.029440311395824" lon="-105.53739897489898"/><trkpt lat="38.029328513571514" lon="-105.53738460476741"/><trkpt lat="38.029122298693345" lon="-105.5371396533506"/><trkpt lat="38.02889416742535" lon="-105.53702957023269"/><trkpt lat="38.02865315638322" lon="-105.5366828853157"/><trkpt lat="38.028563725048386" lon="-105.53648425230456"/><trkpt lat="38.028572588548855" lon="-105.53628227944634"/><trkpt lat="38.028182733020294" lon="-105.53535529609748"/><trkpt lat="38.028167602748" lon="-105.53504605262418"/><trkpt lat="38.02789702362227" lon="-105.53408487978801"/><trkpt lat="38.02755865256715" lon="-105.53349306767275"/><trkpt lat="38.02749660806385" lon="-105.53313478118166"/><trkpt lat="38.02753355085683" lon="-105.53306253501566"/><trkpt lat="38.02712046326258" lon="-105.5327291215963"/><trkpt lat="38.027072302601816" lon="-105.53248720240907"/><trkpt lat="38.02695946608604" lon="-105.53245450706389"/><trkpt lat="38.02688876582056" lon="-105.53214636222448"/><trkpt lat="38.02673697837498" lon="-105.53182622030278"/><trkpt lat="38.0264785173163" lon="-105.531533807901"/><trkpt lat="38.026263161953274" lon="-105.5314066739848"/><trkpt lat="38.02581372015787" lon="-105.53144908125377"/><trkpt lat="38.025681183127375" lon="-105.5313633878087"/><trkpt lat="38.025332944503376" lon="-105.53137362707675"/><trkpt lat="38.02513427744983" lon="-105.53152879813037"/><trkpt lat="38.02513867457702" lon="-105.53163193788194"/><trkpt lat="38.02528786529395" lon="-105.5317513374154"/><trkpt lat="38.02531822970767" lon="-105.53186880335318"/><trkpt lat="38.025402536831294" lon="-105.53259236364705"/><trkpt lat="38.025420367701386" lon="-105.53450003157035"/><trkpt lat="38.02530818902354" lon="-105.53521647271647"/><trkpt lat="38.025174128578904" lon="-105.53550739097614"/><trkpt lat="38.02521217930945" lon="-105.53604356827013"/><trkpt lat="38.02508528583589" lon="-105.53626043860419"/><trkpt lat="38.02508528583589" lon="-105.53626043860419"/><trkpt lat="38.02476478027391" lon="-105.53662250439594"/><trkpt lat="38.02448990789014" lon="-105.53642444267444"/><trkpt lat="38.02407034578578" lon="-105.53628654214592"/><trkpt lat="38.02377057942998" lon="-105.53583539911665"/><trkpt lat="38.02314836862147" lon="-105.53560424654175"/><trkpt lat="38.023083485028174" lon="-105.53551393883426"/><trkpt lat="38.02297040615106" lon="-105.5349480544793"/><trkpt lat="38.02292092981445" lon="-105.53429674035142"/><trkpt lat="38.02272541345834" lon="-105.53345694458976"/><trkpt lat="38.02243205236655" lon="-105.53301454668642"/><trkpt lat="38.02212297241064" lon="-105.53267651900464"/><trkpt lat="38.02200109927916" lon="-105.5326052396365"/><trkpt lat="38.02164496660005" lon="-105.53266772993335"/><trkpt lat="38.02061493090069" lon="-105.53230711433837"/><trkpt lat="38.02034639453483" lon="-105.5321468456234"/><trkpt lat="38.01973543621716" lon="-105.53227679204242"/><trkpt lat="38.01953888116959" lon="-105.53188730434825"/><trkpt lat="38.01944200587928" lon="-105.53131557526089"/><trkpt lat="38.01921886033029" lon="-105.53056740556741"/><trkpt lat="38.019109901595975" lon="-105.52933478226447"/><trkpt lat="38.01882602721954" lon="-105.52863583137021"/><trkpt lat="38.01868213382907" lon="-105.52793169492388"/><trkpt lat="38.0183937584563" lon="-105.52752757342601"/><trkpt lat="38.01743414603803" lon="-105.52710459937022"/><trkpt lat="38.01723624069156" lon="-105.52709871069246"/><trkpt lat="38.016996406833094" lon="-105.52719314926347"/><trkpt lat="38.01691701618238" lon="-105.52705248017747"/><trkpt lat="38.016848531792014" lon="-105.52665974052692"/><trkpt lat="38.01670623106179" lon="-105.52640639554701"/><trkpt lat="38.016440533785925" lon="-105.52628027237402"/><trkpt lat="38.01612442535113" lon="-105.52632122944622"/><trkpt lat="38.01582600929423" lon="-105.52651546792171"/><trkpt lat="38.01547261183597" lon="-105.52660085374929"/><trkpt lat="38.01488900572678" lon="-105.52684431102399"/><trkpt lat="38.01483360884883" lon="-105.52679544378763"/><trkpt lat="38.0149492844546" lon="-105.52655510663323"/><trkpt lat="38.014973659080894" lon="-105.52631960346804"/><trkpt lat="38.015027740282996" lon="-105.52531685832467"/><trkpt lat="38.01492404425208" lon="-105.52520387481324"/><trkpt lat="38.015005027563035" lon="-105.52510218525843"/><trkpt lat="38.01509961773213" lon="-105.52464111057861"/><trkpt lat="38.015599609178665" lon="-105.52365220822252"/><trkpt lat="38.015740594233044" lon="-105.52326298420049"/><trkpt lat="38.016530207482106" lon="-105.52201317826318"/><trkpt lat="38.01665204599055" lon="-105.52164865153146"/><trkpt lat="38.01656541912265" lon="-105.52091507169632"/><trkpt lat="38.01624719868189" lon="-105.52027070093476"/><trkpt lat="38.01597783136286" lon="-105.51997965083902"/><trkpt lat="38.01565431359564" lon="-105.51985137434356"/><trkpt lat="38.01520130562622" lon="-105.51951993846525"/><trkpt lat="38.01481096537497" lon="-105.51914394199551"/><trkpt lat="38.0145468261363" lon="-105.51854044041544"/><trkpt lat="38.01450531310089" lon="-105.5177796144593"/><trkpt lat="38.01455129250959" lon="-105.51688479911137"/><trkpt lat="38.01438267826233" lon="-105.51573123350467"/><trkpt lat="38.014352502382884" lon="-105.5147032405644"/><trkpt lat="38.014352502382884" lon="-105.5147032405644"/><trkpt lat="38.014341996180086" lon="-105.51434532879846"/><trkpt lat="38.01440123621644" lon="-105.5142375308391"/><trkpt lat="38.01446785096218" lon="-105.51330716369779"/><trkpt lat="38.014573451260766" lon="-105.5126953125"/><trkpt lat="38.014573451260766" lon="-105.5126953125"/><trkpt lat="38.01475563774312" lon="-105.51089700823569"/><trkpt lat="38.01446030313756" lon="-105.51119958311895"/><trkpt lat="38.01419155903341" lon="-105.51165646331998"/><trkpt lat="38.01401955172738" lon="-105.51183058165046"/><trkpt lat="38.01401955172738" lon="-105.51183058165046"/><trkpt lat="38.01331327615659" lon="-105.5126953125"/><trkpt lat="38.01331327615659" lon="-105.5126953125"/><trkpt lat="38.01297158128879" lon="-105.51309565469722"/><trkpt lat="38.012701867739274" lon="-105.51324687066875"/><trkpt lat="38.012595297995325" lon="-105.51323557671213"/><trkpt lat="38.01229400822538" lon="-105.51296381862788"/><trkpt lat="38.01223580688048" lon="-105.5130300882254"/><trkpt lat="38.01224865203156" lon="-105.51322502982659"/><trkpt lat="38.011984443546794" lon="-105.51330980041918"/><trkpt lat="38.011911942882776" lon="-105.51329934142434"/><trkpt lat="38.01186243192311" lon="-105.51301013703358"/><trkpt lat="38.0115468774571" lon="-105.5126953125"/><trkpt lat="38.0115468774571" lon="-105.5126953125"/><trkpt lat="38.0113739699518" lon="-105.5126576546546"/><trkpt lat="38.01127349386442" lon="-105.5126953125"/><trkpt lat="38.01127349386442" lon="-105.5126953125"/><trkpt lat="38.01112980821224" lon="-105.51281137218638"/><trkpt lat="38.011068490792965" lon="-105.51278808114746"/><trkpt lat="38.01107863534624" lon="-105.5126953125"/><trkpt lat="38.01107863534624" lon="-105.5126953125"/><trkpt lat="38.01108455588757" lon="-105.51224691734197"/><trkpt lat="38.010956000507676" lon="-105.51206908133801"/><trkpt lat="38.010812107117204" lon="-105.51222482998782"/><trkpt lat="38.010611085696354" lon="-105.5126953125"/><trkpt lat="38.010611085696354" lon="-105.5126953125"/><trkpt lat="38.01046971978844" lon="-105.51290146016709"/><trkpt lat="38.01037866117031" lon="-105.51286432634089"/><trkpt lat="38.01032634574369" lon="-105.5126953125"/><trkpt lat="38.01032634574369" lon="-105.5126953125"/><trkpt lat="38.01030543342227" lon="-105.5124812619827"/><trkpt lat="38.0104152577328" lon="-105.51210892605016"/><trkpt lat="38.010370143900325" lon="-105.51198567424024"/><trkpt lat="38.010370143900325" lon="-105.51198567424024"/><trkpt lat="38.01036041482364" lon="-105.51184982607785"/><trkpt lat="38.01025903853699" lon="-105.51177730957647"/><trkpt lat="38.010170992124095" lon="-105.51154410210646"/><trkpt lat="38.01009901080582" lon="-105.51109754391649"/><trkpt lat="38.010121308049186" lon="-105.51035628356355"/><trkpt lat="38.01031211567067" lon="-105.50869387119897"/><trkpt lat="38.010291272595346" lon="-105.50855207475902"/><trkpt lat="38.01016503695972" lon="-105.50851804711242"/><trkpt lat="38.009372549997614" lon="-105.5092479794956"/><trkpt lat="38.0086912030219" lon="-105.50910163437283"/><trkpt lat="38.0085128250749" lon="-105.50898887952329"/><trkpt lat="38.00838153447417" lon="-105.50902413181527"/><trkpt lat="38.008201667736074" lon="-105.50925795160798"/><trkpt lat="38.008018096331774" lon="-105.50979316537591"/><trkpt lat="38.007910210911966" lon="-105.50992503344082"/><trkpt lat="38.00746166931583" lon="-105.50997918026151"/><trkpt lat="38.007107994873174" lon="-105.5101515490986"/><trkpt lat="38.00636830806037" lon="-105.51026093617332"/><trkpt lat="38.00601823441478" lon="-105.51014700041576"/><trkpt lat="38.00580661834102" lon="-105.51000389185576"/><trkpt lat="38.00532515022555" lon="-105.50995232553784"/><trkpt lat="38.004889557649626" lon="-105.50976849751899"/><trkpt lat="38.00474421009111" lon="-105.50974037441262"/><trkpt lat="38.004484052503045" lon="-105.50979281547723"/><trkpt lat="38.00432513270943" lon="-105.5101503244532"/><trkpt lat="38.00418594805358" lon="-105.51089980742513"/><trkpt lat="38.00405067580225" lon="-105.51130267201746"/><trkpt lat="38.003961867682285" lon="-105.51142863554216"/><trkpt lat="38.003832827579714" lon="-105.51149104871915"/><trkpt lat="38.003654172648325" lon="-105.51145365329775"/><trkpt lat="38.00348448508656" lon="-105.5113044652482"/><trkpt lat="38.003173743224316" lon="-105.5111549710373"/><trkpt lat="38.002487929875315" lon="-105.51093624062516"/><trkpt lat="38.00114306679397" lon="-105.5097929029519"/><trkpt lat="38.00114306679397" lon="-105.5097929029519"/><trkpt lat="38.000763459687825" lon="-105.50936926312545"/><trkpt lat="37.999590188435924" lon="-105.50772780094432"/><trkpt lat="37.99866184063065" lon="-105.50678722955595"/><trkpt lat="37.998445204214825" lon="-105.5066983552913"/><trkpt lat="37.997838954631774" lon="-105.50682676810676"/><trkpt lat="37.996878165029855" lon="-105.50677493936483"/><trkpt lat="37.996623200899094" lon="-105.50672800920441"/><trkpt lat="37.996471136469125" lon="-105.506600383661"/><trkpt lat="37.9961626797281" lon="-105.50648658070533"/><trkpt lat="37.9961626797281" lon="-105.50648658070533"/><trkpt lat="37.995497637879794" lon="-105.50618388509014"/><trkpt lat="37.99509180266469" lon="-105.50628052092895"/><trkpt lat="37.99500849490673" lon="-105.5062498031248"/><trkpt lat="37.99459801801197" lon="-105.50576785440067"/><trkpt lat="37.99443490107548" lon="-105.50543527594309"/><trkpt lat="37.99436350927125" lon="-105.50540165774541"/><trkpt lat="37.99402418170492" lon="-105.50556504658067"/><trkpt lat="37.99382164513077" lon="-105.50552751724626"/><trkpt lat="37.99369250944608" lon="-105.50561400170776"/><trkpt lat="37.99333690136156" lon="-105.50623530115718"/><trkpt lat="37.99325809672564" lon="-105.50626188809782"/><trkpt lat="37.99314402918012" lon="-105.5061737337128"/><trkpt lat="37.99296428533144" lon="-105.50582296187766"/><trkpt lat="37.992795556812084" lon="-105.50569222444223"/><trkpt lat="37.99268710084942" lon="-105.50540521731928"/><trkpt lat="37.99233752002058" lon="-105.50517982158607"/><trkpt lat="37.991754261796615" lon="-105.50550427015271"/><trkpt lat="37.99122746579531" lon="-105.5060128937082"/><trkpt lat="37.990793434108284" lon="-105.50657337278432"/><trkpt lat="37.99060056192685" lon="-105.5065057848261"/><trkpt lat="37.99045337911454" lon="-105.5063510971714"/><trkpt lat="37.990265356449164" lon="-105.5062654476717"/><trkpt lat="37.98966179953657" lon="-105.50631853366228"/><trkpt lat="37.9894054679736" lon="-105.50603956853956"/><trkpt lat="37.98905280423811" lon="-105.5048710615117"/><trkpt lat="37.98873834776127" lon="-105.50423618294712"/><trkpt lat="37.98862414165814" lon="-105.50418116336085"/><trkpt lat="37.98851447331647" lon="-105.5041743518306"/><trkpt lat="37.98815571304652" lon="-105.50441899562993"/><trkpt lat="37.98763265810045" lon="-105.50516865946554"/><trkpt lat="37.98727168090887" lon="-105.50537107177732"/><trkpt lat="37.98706869402252" lon="-105.50488459668148"/><trkpt lat="37.986636013272104" lon="-105.50291114255958"/><trkpt lat="37.9866526055449" lon="-105.50237492132024"/><trkpt lat="37.986956600922824" lon="-105.50098800587082"/><trkpt lat="37.98705747085679" lon="-105.50025952369703"/><trkpt lat="37.98697786951467" lon="-105.49991248721717"/><trkpt lat="37.986681945117034" lon="-105.49996772653023"/><trkpt lat="37.98651127679126" lon="-105.49972554367086"/><trkpt lat="37.986157920267765" lon="-105.49982257501789"/><trkpt lat="37.98587786071552" lon="-105.50007376667533"/><trkpt lat="37.985755860747304" lon="-105.50007600788851"/><trkpt lat="37.985651145839896" lon="-105.50015445034977"/><trkpt lat="37.985191411717764" lon="-105.50108767393924"/><trkpt lat="37.984302737900464" lon="-105.50142890963204"/><trkpt lat="37.983576765346854" lon="-105.50196464747246"/><trkpt lat="37.98337045307807" lon="-105.50220498462686"/><trkpt lat="37.983161612133046" lon="-105.50222994558932"/><trkpt lat="37.982834720111455" lon="-105.50219254809099"/><trkpt lat="37.982741055172774" lon="-105.50212597087597"/><trkpt lat="37.98222233015176" lon="-105.50138834806803"/><trkpt lat="37.9821224647604" lon="-105.50114590153653"/><trkpt lat="37.98196586003119" lon="-105.50115363591927"/><trkpt lat="37.981850684024856" lon="-105.50106688778564"/><trkpt lat="37.98200527966885" lon="-105.50088135049073"/><trkpt lat="37.98219493038604" lon="-105.50046945066477"/><trkpt lat="37.98221616433849" lon="-105.50038169178794"/><trkpt lat="37.98214723193169" lon="-105.50022735569611"/><trkpt lat="37.981692000931616" lon="-105.50010118857774"/><trkpt lat="37.9812857500437" lon="-105.49990501650657"/><trkpt lat="37.98066303754269" lon="-105.49989200868107"/><trkpt lat="37.98058322836417" lon="-105.49966336099149"/><trkpt lat="37.98053213524857" lon="-105.49949250144563"/><trkpt lat="37.98051394956336" lon="-105.49926583129708"/><trkpt lat="37.98084773482563" lon="-105.49850720260876"/><trkpt lat="37.98085300001449" lon="-105.4982537257928"/><trkpt lat="37.981001845518016" lon="-105.49815001475157"/><trkpt lat="37.98114119982583" lon="-105.4978358933437"/><trkpt lat="37.98165975164984" lon="-105.49704272360522"/><trkpt lat="37.98170149212732" lon="-105.49674675162956"/><trkpt lat="37.98235274749427" lon="-105.4958953542938"/><trkpt lat="37.982296112074614" lon="-105.4957283619393"/><trkpt lat="37.98189675442739" lon="-105.4952329659361"/><trkpt lat="37.98142132865688" lon="-105.4951066230363"/><trkpt lat="37.98079792336785" lon="-105.49470390778984"/><trkpt lat="37.98030503933954" lon="-105.49462814599534"/><trkpt lat="37.979858364271365" lon="-105.49448026987089"/><trkpt lat="37.979776095695414" lon="-105.49421716902185"/><trkpt lat="37.979665180335324" lon="-105.49411231540138"/><trkpt lat="37.97954744101336" lon="-105.4941169296638"/><trkpt lat="37.97931494135787" lon="-105.49427478138416"/><trkpt lat="37.979103987409424" lon="-105.494545748452"/><trkpt lat="37.978840130198705" lon="-105.49471262719736"/><trkpt lat="37.978840130198705" lon="-105.49471262719736"/><trkpt lat="37.978480443562795" lon="-105.49494011408073"/><trkpt lat="37.97733360229431" lon="-105.49545620834684"/><trkpt lat="37.97703282838062" lon="-105.49531123261592"/><trkpt lat="37.97679336620565" lon="-105.49532736056173"/><trkpt lat="37.97625773715724" lon="-105.49565150151088"/><trkpt lat="37.975598930401006" lon="-105.49644660484505"/><trkpt lat="37.97529005086763" lon="-105.49715271883241"/><trkpt lat="37.97508761821168" lon="-105.49741867612961"/><trkpt lat="37.9750110997762" lon="-105.497435243529"/><trkpt lat="37.97448291819887" lon="-105.49681390013421"/><trkpt lat="37.97387180989699" lon="-105.49707713281931"/><trkpt lat="37.97377374575446" lon="-105.49663504253348"/><trkpt lat="37.973790026272646" lon="-105.49607680467055"/><trkpt lat="37.97349458682662" lon="-105.49541560283748"/><trkpt lat="37.97306838364408" lon="-105.49482989912677"/><trkpt lat="37.972843400738476" lon="-105.49480265300578"/><trkpt lat="37.97263279318403" lon="-105.49443179814274"/><trkpt lat="37.972398838673726" lon="-105.49415494239713"/><trkpt lat="37.97227521065369" lon="-105.49381700260606"/><trkpt lat="37.971843984758095" lon="-105.49348394074957"/><trkpt lat="37.9716287008846" lon="-105.493186254905"/><trkpt lat="37.971314313686555" lon="-105.49294512673418"/><trkpt lat="37.97086410539954" lon="-105.49271318314287"/><trkpt lat="37.97000373197237" lon="-105.49246550711395"/><trkpt lat="37.96953471449093" lon="-105.49250373957405"/><trkpt lat="37.96932594282472" lon="-105.492705185088"/><trkpt lat="37.969097842373074" lon="-105.49280533655534"/><trkpt lat="37.96863838536615" lon="-105.49275673299111"/><trkpt lat="37.96812288180937" lon="-105.49226454499892"/><trkpt lat="37.96774226407776" lon="-105.49140000800158"/><trkpt lat="37.96725083490427" lon="-105.49098380153067"/><trkpt lat="37.967090073447004" lon="-105.49102620879965"/><trkpt lat="37.96682314222751" lon="-105.49122558888183"/><trkpt lat="37.966674954872595" lon="-105.49155948570011"/><trkpt lat="37.96666290036126" lon="-105.49169703466579"/><trkpt lat="37.966781401750026" lon="-105.49215419820888"/><trkpt lat="37.96707098713738" lon="-105.4925527386465"/><trkpt lat="37.96705238577937" lon="-105.49268923292361"/><trkpt lat="37.9669168071662" lon="-105.49277940879503"/><trkpt lat="37.96658828709279" lon="-105.49280239221646"/><trkpt lat="37.96613880623318" lon="-105.49346869171087"/><trkpt lat="37.965911156093746" lon="-105.49354238807364"/><trkpt lat="37.965820781898096" lon="-105.49347436066186"/><trkpt lat="37.96578610785829" lon="-105.49291537572788"/><trkpt lat="37.96534913182223" lon="-105.49185343618937"/><trkpt lat="37.9652001477611" lon="-105.49129607723357"/><trkpt lat="37.96479585830532" lon="-105.49074606647427"/><trkpt lat="37.96479585830532" lon="-105.49074606647427"/><trkpt lat="37.964649069540116" lon="-105.49054636945262"/><trkpt lat="37.96419324967024" lon="-105.49015969426125"/><trkpt lat="37.963595165782905" lon="-105.48885882381977"/><trkpt lat="37.963517331050205" lon="-105.48864300817426"/><trkpt lat="37.96355834410028" lon="-105.48843321304258"/><trkpt lat="37.9634217609445" lon="-105.4883238330504"/><trkpt lat="37.96287660606098" lon="-105.48813904282655"/><trkpt lat="37.96287660606098" lon="-105.48813904282655"/><trkpt lat="37.9626284840359" lon="-105.48801511692136"/><trkpt lat="37.96240661867633" lon="-105.48802403782872"/><trkpt lat="37.962358435270374" lon="-105.48793364223052"/><trkpt lat="37.96248324103002" lon="-105.48786438434875"/><trkpt lat="37.96253842159486" lon="-105.48768697694479"/><trkpt lat="37.962688410198595" lon="-105.48750996504903"/><trkpt lat="37.963734173696714" lon="-105.48656096507659"/><trkpt lat="37.96392011799807" lon="-105.48629342574655"/><trkpt lat="37.964023308771864" lon="-105.48602259051478"/><trkpt lat="37.964148460925514" lon="-105.48532680368618"/><trkpt lat="37.96417395552421" lon="-105.48482420064451"/><trkpt lat="37.964393049731754" lon="-105.48386329148047"/><trkpt lat="37.964640721444624" lon="-105.48309894989582"/><trkpt lat="37.9648549314967" lon="-105.48141544723576"/><trkpt lat="37.964857321615334" lon="-105.48083484118641"/><trkpt lat="37.96459309226907" lon="-105.4799719741126"/><trkpt lat="37.96433153015664" lon="-105.47951705178268"/><trkpt lat="37.96433153015664" lon="-105.47951705178268"/><trkpt lat="37.96365935259185" lon="-105.47888041540385"/><trkpt lat="37.963578712067715" lon="-105.47862720226001"/><trkpt lat="37.963015302220185" lon="-105.47835078596798"/><trkpt lat="37.96286382412223" lon="-105.47832740703835"/><trkpt lat="37.96262228358323" lon="-105.47891877970002"/><trkpt lat="37.96251964703984" lon="-105.47945108980265"/><trkpt lat="37.962357569285366" lon="-105.47964515249672"/><trkpt lat="37.962115439876555" lon="-105.48012666176729"/><trkpt lat="37.96191747570327" lon="-105.47994855123761"/><trkpt lat="37.9615233139661" lon="-105.47849519040925"/><trkpt lat="37.9615233139661" lon="-105.47849519040925"/><trkpt lat="37.96150667920747" lon="-105.47842667959856"/><trkpt lat="37.96118133105331" lon="-105.4778344719751"/><trkpt lat="37.960751183919804" lon="-105.47753428124521"/><trkpt lat="37.95994516055281" lon="-105.4775310732342"/><trkpt lat="37.95982861327518" lon="-105.47752979881886"/><trkpt lat="37.959336744256014" lon="-105.47732466189497"/><trkpt lat="37.95873654137129" lon="-105.47698096526221"/><trkpt lat="37.95747711686445" lon="-105.47655249803687"/><trkpt lat="37.95726880116839" lon="-105.47648838176183"/><trkpt lat="37.95695045347515" lon="-105.47641437778157"/><trkpt lat="37.956252278793265" lon="-105.47590162336256"/><trkpt lat="37.956042438244324" lon="-105.47590026105651"/><trkpt lat="37.95592395024485" lon="-105.47571274622055"/><trkpt lat="37.95566226469819" lon="-105.47555445504665"/><trkpt lat="37.95541721391016" lon="-105.47549411807225"/><trkpt lat="37.95524819783136" lon="-105.47534096850504"/><trkpt lat="37.9534970082726" lon="-105.47455351166289"/><trkpt lat="37.95218618929275" lon="-105.47418889704046"/><trkpt lat="37.95195198575358" lon="-105.47421385800293"/><trkpt lat="37.951485242151094" lon="-105.47414824758575"/><trkpt lat="37.95121821961937" lon="-105.47389468287906"/><trkpt lat="37.95110191493197" lon="-105.473853374244"/><trkpt lat="37.95080408344104" lon="-105.47399856970169"/><trkpt lat="37.95070777511974" lon="-105.47397259799604"/><trkpt lat="37.95076204601976" lon="-105.4737159571144"/><trkpt lat="37.950714740924916" lon="-105.47362529784405"/><trkpt lat="37.95051689126449" lon="-105.47349961412462"/><trkpt lat="37.95015744185515" lon="-105.47344103496447"/><trkpt lat="37.94980516618546" lon="-105.47328217250092"/><trkpt lat="37.948934891063274" lon="-105.47264434959747"/><trkpt lat="37.94858223418037" lon="-105.47246285527535"/><trkpt lat="37.94818816367963" lon="-105.47213950534262"/><trkpt lat="37.94762660195297" lon="-105.47184080875488"/><trkpt lat="37.94629446968863" lon="-105.47172782524345"/><trkpt lat="37.946061894969574" lon="-105.47162995893464"/><trkpt lat="37.944802678397224" lon="-105.47076274127055"/><trkpt lat="37.943104685410326" lon="-105.46986638783514"/><trkpt lat="37.942655546927384" lon="-105.46980354597542"/><trkpt lat="37.94196548169032" lon="-105.4694317682599"/><trkpt lat="37.94160925526546" lon="-105.46916967815406"/><trkpt lat="37.94069850223061" lon="-105.46875"/><trkpt lat="37.94069850223061" lon="-105.46875"/><trkpt lat="37.9404864783696" lon="-105.46869594721157"/><trkpt lat="37.940292371529864" lon="-105.46854372049684"/><trkpt lat="37.939317643985795" lon="-105.46812351499851"/><trkpt lat="37.938686077649905" lon="-105.46790198645667"/><trkpt lat="37.93824567241524" lon="-105.46787166416073"/><trkpt lat="37.937891629302456" lon="-105.46806216728092"/><trkpt lat="37.93765763369776" lon="-105.46851915504259"/><trkpt lat="37.937613620898894" lon="-105.46875"/><trkpt lat="37.937613620898894" lon="-105.46875"/><trkpt lat="37.93758402489083" lon="-105.46904258818321"/><trkpt lat="37.93753134815518" lon="-105.46909044467638"/><trkpt lat="37.93715918008664" lon="-105.46913623573779"/><trkpt lat="37.93707361504695" lon="-105.46906341828218"/><trkpt lat="37.93692095648079" lon="-105.46906847199816"/><trkpt lat="37.93669940228932" lon="-105.46961506434162"/><trkpt lat="37.936091540484476" lon="-105.46993696407759"/><trkpt lat="37.935212566769756" lon="-105.47050886894637"/><trkpt lat="37.934939687416765" lon="-105.47076608111765"/><trkpt lat="37.93483513102765" lon="-105.47067507028444"/><trkpt lat="37.93490801206388" lon="-105.47033229650417"/><trkpt lat="37.93489643704434" lon="-105.4700686243655"/><trkpt lat="37.9351665785933" lon="-105.46875"/><trkpt lat="37.9351665785933" lon="-105.46875"/><trkpt lat="37.93521090329389" lon="-105.46853374490094"/><trkpt lat="37.93512786812374" lon="-105.46662427521802"/><trkpt lat="37.934827991943735" lon="-105.46526750628313"/><trkpt lat="37.93476006667934" lon="-105.46435177294552"/><trkpt lat="37.93475136808681" lon="-105.4641409231253"/><trkpt lat="37.934897303438014" lon="-105.46341925248176"/><trkpt lat="37.934865662740876" lon="-105.46297342684062"/><trkpt lat="37.93455369170512" lon="-105.46226089683121"/><trkpt lat="37.93453334878154" lon="-105.46136955316643"/><trkpt lat="37.934425534752194" lon="-105.46088716498873"/><trkpt lat="37.9341975247885" lon="-105.46041032319846"/><trkpt lat="37.9341975247885" lon="-105.46041032319846"/><trkpt lat="37.93415116520208" lon="-105.46031337046962"/><trkpt lat="37.93355162077655" lon="-105.45995433690746"/><trkpt lat="37.933356994100606" lon="-105.45971830639799"/><trkpt lat="37.93348289842997" lon="-105.45923130395786"/><trkpt lat="37.933475204854105" lon="-105.45876157204282"/><trkpt lat="37.933391441913265" lon="-105.45863399867306"/><trkpt lat="37.93126704461355" lon="-105.45752552100208"/><trkpt lat="37.93037618397756" lon="-105.45753681495869"/><trkpt lat="37.93018377526943" lon="-105.45731453934579"/><trkpt lat="37.93083024357659" lon="-105.45716679505742"/><trkpt lat="37.93083024357659" lon="-105.45716679505742"/><trkpt lat="37.93102864772897" lon="-105.45713827452109"/><trkpt lat="37.93121987814169" lon="-105.45717778139654"/><trkpt lat="37.931528279635494" lon="-105.45725103830573"/><trkpt lat="37.932067627028246" lon="-105.4572631672241"/><trkpt lat="37.93241418449965" lon="-105.45725455393425"/><trkpt lat="37.93264953167848" lon="-105.45715084289303"/><trkpt lat="37.932687029196885" lon="-105.45713405576687"/><trkpt lat="37.934271836513624" lon="-105.45562343413906"/><trkpt lat="37.93453182392867" lon="-105.45545912245132"/><trkpt lat="37.93407923955617" lon="-105.45588371504422"/><trkpt lat="37.93407923955617" lon="-105.45588371504422"/><trkpt lat="37.93453182392867" lon="-105.45545912245132"/><trkpt lat="37.934745684544275" lon="-105.45536415653604"/><trkpt lat="37.934745684544275" lon="-105.45536415653604"/><trkpt lat="37.934791291507516" lon="-105.45537668096262"/><trkpt lat="37.935305939220314" lon="-105.45556500403933"/><trkpt lat="37.935305939220314" lon="-105.45556500403933"/><trkpt lat="37.934791291507516" lon="-105.45537668096262"/><trkpt lat="37.934745684544275" lon="-105.45536415653604"/><trkpt lat="37.934745684544275" lon="-105.45536415653604"/><trkpt lat="37.93453182392867" lon="-105.45545912245132"/><trkpt lat="37.93419692457073" lon="-105.45577330870121"/><trkpt lat="37.93419692457073" lon="-105.45577330870121"/><trkpt lat="37.93453182392867" lon="-105.45545912245132"/><trkpt lat="37.934271836513624" lon="-105.45562343413906"/><trkpt lat="37.932687029196885" lon="-105.45713405576687"/><trkpt lat="37.93264953167848" lon="-105.45715084289303"/><trkpt lat="37.93241418449965" lon="-105.45725455393425"/><trkpt lat="37.932067627028246" lon="-105.4572631672241"/><trkpt lat="37.931528279635494" lon="-105.45725103830573"/><trkpt lat="37.93121987814169" lon="-105.45717778139654"/><trkpt lat="37.93102864772897" lon="-105.45713827452109"/><trkpt lat="37.93083024357659" lon="-105.45716679505742"/><trkpt lat="37.93083024357659" lon="-105.45716679505742"/><trkpt lat="37.93018377526943" lon="-105.45731453934579"/><trkpt lat="37.93015355545792" lon="-105.45730223464598"/><trkpt lat="37.92991900536128" lon="-105.45725393869925"/><trkpt lat="37.92952434571284" lon="-105.4573126057501"/><trkpt lat="37.92923836648744" lon="-105.4571925470363"/><trkpt lat="37.92913530029544" lon="-105.45712961728587"/><trkpt lat="37.92899175619078" lon="-105.45704199024512"/><trkpt lat="37.9288533411367" lon="-105.45703460742523"/><trkpt lat="37.92863241074868" lon="-105.45718947086135"/><trkpt lat="37.92845053738769" lon="-105.457458811951"/><trkpt lat="37.928221982735295" lon="-105.45739122399279"/><trkpt lat="37.92800458723349" lon="-105.45726527660122"/><trkpt lat="37.92779474668455" lon="-105.45727037426256"/><trkpt lat="37.92706746117506" lon="-105.4571199932528"/><trkpt lat="37.92687144826923" lon="-105.45717567201942"/><trkpt lat="37.92687144826923" lon="-105.45717567201942"/><trkpt lat="37.926749126953496" lon="-105.45719140445703"/><trkpt lat="37.926620181454844" lon="-105.45721429998774"/><trkpt lat="37.926556350139165" lon="-105.45727459301678"/><trkpt lat="37.92646758959155" lon="-105.45752639990921"/><trkpt lat="37.92629745365128" lon="-105.45769580925831"/><trkpt lat="37.92616313397885" lon="-105.45833934505809"/><trkpt lat="37.92627106819162" lon="-105.45853547318391"/><trkpt lat="37.92650874536109" lon="-105.45871674777925"/><trkpt lat="37.926808797618506" lon="-105.45931247103123"/><trkpt lat="37.92665142100695" lon="-105.45953593316875"/><trkpt lat="37.9265737555278" lon="-105.45967721748971"/><trkpt lat="37.92650798257513" lon="-105.45982865318803"/><trkpt lat="37.926124578615976" lon="-105.46013007438789"/><trkpt lat="37.925599019092296" lon="-105.46077070979415"/><trkpt lat="37.92545384705603" lon="-105.46099285357099"/><trkpt lat="37.92533218269605" lon="-105.46172849883787"/><trkpt lat="37.92524023231626" lon="-105.46218698074166"/><trkpt lat="37.9252163779191" lon="-105.46226652183684"/><trkpt lat="37.92519911121882" lon="-105.46230075526951"/><trkpt lat="37.92496750166491" lon="-105.46246519879332"/><trkpt lat="37.92492072901697" lon="-105.46264084838303"/><trkpt lat="37.92486320802147" lon="-105.46285407125251"/><trkpt lat="37.92458291885473" lon="-105.46331510198698"/><trkpt lat="37.924386362782705" lon="-105.46365422830267"/><trkpt lat="37.924196949160994" lon="-105.46397749034467"/><trkpt lat="37.92417396156605" lon="-105.46402754410568"/><trkpt lat="37.92400444972337" lon="-105.46442155817155"/><trkpt lat="37.92395618617561" lon="-105.46470206138174"/><trkpt lat="37.92384946548595" lon="-105.46503969355531"/><trkpt lat="37.92376673788181" lon="-105.4652458412224"/><trkpt lat="37.92372010392223" lon="-105.4653620766902"/><trkpt lat="37.92368983518861" lon="-105.46547053382992"/><trkpt lat="37.92353259726541" lon="-105.46617335191554"/><trkpt lat="37.92352784718923" lon="-105.46625095941502"/><trkpt lat="37.923641120903696" lon="-105.46642072032697"/><trkpt lat="37.92378001729186" lon="-105.46664282015844"/><trkpt lat="37.92384464606559" lon="-105.46700971993941"/><trkpt lat="37.923966622474374" lon="-105.46730846047252"/><trkpt lat="37.923990268839006" lon="-105.46739846056252"/><trkpt lat="37.92395982674495" lon="-105.46765286023098"/><trkpt lat="37.92383594337127" lon="-105.46772875386156"/><trkpt lat="37.92362895100049" lon="-105.46772646870303"/><trkpt lat="37.92358803793557" lon="-105.46772479877949"/><trkpt lat="37.923486448715074" lon="-105.4677951113498"/><trkpt lat="37.92340427586436" lon="-105.46835835898337"/><trkpt lat="37.923431666814594" lon="-105.46861403306715"/><trkpt lat="37.923515607941845" lon="-105.46875"/><trkpt lat="37.923515607941845" lon="-105.46875"/><trkpt lat="37.92372565145646" lon="-105.46894177753553"/><trkpt lat="37.92439000335204" lon="-105.47007380991757"/><trkpt lat="37.924412054800584" lon="-105.47010347303316"/><trkpt lat="37.924875689973476" lon="-105.47055338559245"/><trkpt lat="37.9250441269814" lon="-105.47074103226447"/><trkpt lat="37.925553806688356" lon="-105.47124754644285"/><trkpt lat="37.92581343129011" lon="-105.4715999442562"/><trkpt lat="37.9258021975333" lon="-105.4718388751592"/><trkpt lat="37.9259810361679" lon="-105.47191955883362"/><trkpt lat="37.92610003077703" lon="-105.47209661467474"/><trkpt lat="37.92629634414443" lon="-105.47217672705953"/><trkpt lat="37.92646228476195" lon="-105.47235879267129"/><trkpt lat="37.926640846019836" lon="-105.47292305104806"/><trkpt lat="37.92664490265424" lon="-105.47299222103909"/><trkpt lat="37.926670906720915" lon="-105.47343382792602"/><trkpt lat="37.9267397308174" lon="-105.47353481435513"/><trkpt lat="37.92687692387728" lon="-105.4737169678576"/><trkpt lat="37.92705172746586" lon="-105.4739900882479"/><trkpt lat="37.92711812787738" lon="-105.47406009320072"/><trkpt lat="37.92740850838267" lon="-105.47426703188422"/><trkpt lat="37.927836888073074" lon="-105.47493513313826"/><trkpt lat="37.92817069222953" lon="-105.47524459633834"/><trkpt lat="37.9282946904928" lon="-105.47524903481934"/><trkpt lat="37.929140706591994" lon="-105.47411884814228"/><trkpt lat="37.92928511709033" lon="-105.47406035687285"/><trkpt lat="37.92944581578982" lon="-105.47416125541126"/><trkpt lat="37.929556922115154" lon="-105.47432815987503"/><trkpt lat="37.92960384599678" lon="-105.47445819418476"/><trkpt lat="37.92966075073358" lon="-105.4746159580144"/><trkpt lat="37.929632644922656" lon="-105.47495235971799"/><trkpt lat="37.92975144482385" lon="-105.47510063135063"/><trkpt lat="37.92980585434686" lon="-105.47519080722206"/><trkpt lat="37.929757821481324" lon="-105.4755023358539"/><trkpt lat="37.92985125337562" lon="-105.47580771213583"/><trkpt lat="37.92985378324516" lon="-105.4758381223225"/><trkpt lat="37.92985402583539" lon="-105.47602563715844"/><trkpt lat="37.92975376675891" lon="-105.47638247345279"/><trkpt lat="37.929761772236496" lon="-105.47662698541605"/><trkpt lat="37.92978239240605" lon="-105.47687303546678"/><trkpt lat="37.929745068166376" lon="-105.47781970633532"/><trkpt lat="37.92972867599798" lon="-105.47832107890702"/><trkpt lat="37.92982817264802" lon="-105.47939057704683"/><trkpt lat="37.92975210328305" lon="-105.47983227182446"/><trkpt lat="37.92970344661406" lon="-105.47996191062597"/><trkpt lat="37.92967897965658" lon="-105.47999355128262"/><trkpt lat="37.92946283176167" lon="-105.48030661800193"/><trkpt lat="37.92912861173624" lon="-105.48092695065351"/><trkpt lat="37.92898395864768" lon="-105.4814610185704"/><trkpt lat="37.92895453591836" lon="-105.48224750861469"/><trkpt lat="37.928482316707814" lon="-105.4832259959213"/><trkpt lat="37.92820548659966" lon="-105.48384030805906"/><trkpt lat="37.92818843597207" lon="-105.48387555223492"/><trkpt lat="37.92805719465765" lon="-105.48399455626019"/><trkpt lat="37.9278722715909" lon="-105.48489754544443"/><trkpt lat="37.927320656063664" lon="-105.48547885461947"/><trkpt lat="37.92700012505836" lon="-105.48567080793643"/><trkpt lat="37.92690055909683" lon="-105.4857407689439"/><trkpt lat="37.9268676014813" lon="-105.48585370850996"/><trkpt lat="37.9268676014813" lon="-105.48585370850996"/><trkpt lat="37.926850716174" lon="-105.48613513457263"/><trkpt lat="37.9268676014813" lon="-105.48627681440182"/><trkpt lat="37.9268676014813" lon="-105.48627681440182"/><trkpt lat="37.92698889659629" lon="-105.48706813843532"/><trkpt lat="37.9268676014813" lon="-105.48755030688625"/><trkpt lat="37.9268676014813" lon="-105.48755030688625"/><trkpt lat="37.92668591973541" lon="-105.48786403278591"/><trkpt lat="37.926532114349016" lon="-105.4879008589946"/><trkpt lat="37.92643815298807" lon="-105.48783173294892"/><trkpt lat="37.926071010238616" lon="-105.48748641033798"/><trkpt lat="37.92596241725615" lon="-105.48739188387626"/><trkpt lat="37.92580198950077" lon="-105.48732724025693"/><trkpt lat="37.92577172076715" lon="-105.48732671291265"/><trkpt lat="37.92561822742955" lon="-105.48743292883918"/><trkpt lat="37.92534681431757" lon="-105.48762070734728"/><trkpt lat="37.92517172026858" lon="-105.48765929137024"/><trkpt lat="37.9245698821493" lon="-105.48768631776444"/><trkpt lat="37.9245698821493" lon="-105.48768631776444"/><trkpt lat="37.92449818026944" lon="-105.48858249541843"/><trkpt lat="37.92440591784085" lon="-105.48879488332614"/><trkpt lat="37.92437519837008" lon="-105.48942475212006"/><trkpt lat="37.924499844529706" lon="-105.48987818030787"/><trkpt lat="37.92456703903801" lon="-105.49062410878817"/><trkpt lat="37.92478751885138" lon="-105.49169053075303"/><trkpt lat="37.92493373105031" lon="-105.49202873421623"/><trkpt lat="37.925015869228936" lon="-105.49256179138992"/><trkpt lat="37.92501781086592" lon="-105.49377762756669"/><trkpt lat="37.92457154640957" lon="-105.49625065250065"/><trkpt lat="37.92456346781285" lon="-105.496499119546"/><trkpt lat="37.92470090797329" lon="-105.49724548747986"/><trkpt lat="37.924705380672755" lon="-105.49784898905993"/><trkpt lat="37.92456898067499" lon="-105.49852253953816"/><trkpt lat="37.92456572149863" lon="-105.49929461550555"/><trkpt lat="37.92436961616376" lon="-105.49972000655595"/><trkpt lat="37.924339590134764" lon="-105.49993612981895"/><trkpt lat="37.92458815434016" lon="-105.50062598402442"/><trkpt lat="37.92491958483804" lon="-105.50109624328374"/><trkpt lat="37.92499839449613" lon="-105.50169372434998"/><trkpt lat="37.925148351280654" lon="-105.50180314828752"/><trkpt lat="37.92512335270455" lon="-105.50205842686312"/><trkpt lat="37.925290818893984" lon="-105.50235242129773"/><trkpt lat="37.92525642418179" lon="-105.50257012659357"/><trkpt lat="37.92517054141756" lon="-105.50266087375462"/><trkpt lat="37.92518680262726" lon="-105.50296673343549"/><trkpt lat="37.925440914366874" lon="-105.50341844775438"/><trkpt lat="37.9268676014813" lon="-105.50421240850929"/><trkpt lat="37.9268676014813" lon="-105.50421240850929"/><trkpt lat="37.926920347528444" lon="-105.50425217905686"/><trkpt lat="37.926920347528444" lon="-105.50425217905686"/><trkpt lat="37.927088843771045" lon="-105.50437926902771"/><trkpt lat="37.927466314168896" lon="-105.50492581742581"/><trkpt lat="37.92762008171896" lon="-105.50511240940928"/><trkpt lat="37.92791611111104" lon="-105.50537208252052"/><trkpt lat="37.92822995355714" lon="-105.50564744412401"/><trkpt lat="37.92876285498092" lon="-105.50563984157735"/><trkpt lat="37.92881546240508" lon="-105.505738059449"/><trkpt lat="37.92881546240508" lon="-105.505738059449"/><trkpt lat="37.92884342261332" lon="-105.50581171795352"/><trkpt lat="37.92884342261332" lon="-105.50581171795352"/><trkpt lat="37.92881546240508" lon="-105.505738059449"/><trkpt lat="37.92881546240508" lon="-105.505738059449"/><trkpt lat="37.92876285498092" lon="-105.50563984157735"/><trkpt lat="37.92822995355714" lon="-105.50564744412401"/><trkpt lat="37.92791611111104" lon="-105.50537208252052"/><trkpt lat="37.92762008171896" lon="-105.50511240940928"/><trkpt lat="37.927466314168896" lon="-105.50492581742581"/><trkpt lat="37.927088843771045" lon="-105.50437926902771"/><trkpt lat="37.926920347528444" lon="-105.50425217905686"/><trkpt lat="37.926920347528444" lon="-105.50425217905686"/><trkpt lat="37.9268676014813" lon="-105.50421240850929"/><trkpt lat="37.9268676014813" lon="-105.50421240850929"/><trkpt lat="37.925440914366874" lon="-105.50341844775438"/><trkpt lat="37.92518680262726" lon="-105.50296673343549"/><trkpt lat="37.92517054141756" lon="-105.50266087375462"/><trkpt lat="37.92525642418179" lon="-105.50257012659357"/><trkpt lat="37.925290818893984" lon="-105.50235242129773"/><trkpt lat="37.92512335270455" lon="-105.50205842686312"/><trkpt lat="37.925148351280654" lon="-105.50180314828752"/><trkpt lat="37.92499839449613" lon="-105.50169372434998"/><trkpt lat="37.92491958483804" lon="-105.50109624328374"/><trkpt lat="37.92458815434016" lon="-105.50062598402442"/><trkpt lat="37.924339590134764" lon="-105.49993612981895"/><trkpt lat="37.92436961616376" lon="-105.49972000655595"/><trkpt lat="37.92456572149863" lon="-105.49929461550555"/><trkpt lat="37.92456898067499" lon="-105.49852253953816"/><trkpt lat="37.924705380672755" lon="-105.49784898905993"/><trkpt lat="37.92470090797329" lon="-105.49724548747986"/><trkpt lat="37.92456346781285" lon="-105.496499119546"/><trkpt lat="37.92457154640957" lon="-105.49625065250065"/><trkpt lat="37.92501781086592" lon="-105.49377762756669"/><trkpt lat="37.925015869228936" lon="-105.49256179138992"/><trkpt lat="37.92493373105031" lon="-105.49202873421623"/><trkpt lat="37.92478751885138" lon="-105.49169053075303"/><trkpt lat="37.92456703903801" lon="-105.49062410878817"/><trkpt lat="37.924499844529706" lon="-105.48987818030787"/><trkpt lat="37.92437519837008" lon="-105.48942475212006"/><trkpt lat="37.92440591784085" lon="-105.48879488332614"/><trkpt lat="37.92449818026944" lon="-105.48858249541843"/><trkpt lat="37.9245698821493" lon="-105.48768631776444"/><trkpt lat="37.9245698821493" lon="-105.48768631776444"/><trkpt lat="37.92517172026858" lon="-105.48765929137024"/><trkpt lat="37.92534681431757" lon="-105.48762070734728"/><trkpt lat="37.92561822742955" lon="-105.48743292883918"/><trkpt lat="37.92577172076715" lon="-105.48732671291265"/><trkpt lat="37.92580198950077" lon="-105.48732724025693"/><trkpt lat="37.92596241725615" lon="-105.48739188387626"/><trkpt lat="37.926071010238616" lon="-105.48748641033798"/><trkpt lat="37.92643815298807" lon="-105.48783173294892"/><trkpt lat="37.926532114349016" lon="-105.4879008589946"/><trkpt lat="37.92668591973541" lon="-105.48786403278591"/><trkpt lat="37.9268676014813" lon="-105.48755030688625"/><trkpt lat="37.9268676014813" lon="-105.48755030688625"/><trkpt lat="37.92698889659629" lon="-105.48706813843532"/><trkpt lat="37.9268676014813" lon="-105.48627681440182"/><trkpt lat="37.9268676014813" lon="-105.48627681440182"/><trkpt lat="37.926850716174" lon="-105.48613513457263"/><trkpt lat="37.9268676014813" lon="-105.48585370850996"/><trkpt lat="37.9268676014813" lon="-105.48585370850996"/><trkpt lat="37.92690055909683" lon="-105.4857407689439"/><trkpt lat="37.92700012505836" lon="-105.48567080793643"/><trkpt lat="37.927320656063664" lon="-105.48547885461947"/><trkpt lat="37.9278722715909" lon="-105.48489754544443"/><trkpt lat="37.92805719465765" lon="-105.48399455626019"/><trkpt lat="37.92818843597207" lon="-105.48387555223492"/><trkpt lat="37.92820548659966" lon="-105.48384030805906"/><trkpt lat="37.928482316707814" lon="-105.4832259959213"/><trkpt lat="37.92895453591836" lon="-105.48224750861469"/><trkpt lat="37.92898395864768" lon="-105.4814610185704"/><trkpt lat="37.92912861173624" lon="-105.48092695065351"/><trkpt lat="37.92946283176167" lon="-105.48030661800193"/><trkpt lat="37.92967897965658" lon="-105.47999355128262"/><trkpt lat="37.92970344661406" lon="-105.47996191062597"/><trkpt lat="37.92975210328305" lon="-105.47983227182446"/><trkpt lat="37.92982817264802" lon="-105.47939057704683"/><trkpt lat="37.92972867599798" lon="-105.47832107890702"/><trkpt lat="37.929745068166376" lon="-105.47781970633532"/><trkpt lat="37.92978239240605" lon="-105.47687303546678"/><trkpt lat="37.929761772236496" lon="-105.47662698541605"/><trkpt lat="37.92975376675891" lon="-105.47638247345279"/><trkpt lat="37.92985402583539" lon="-105.47602563715844"/><trkpt lat="37.92985378324516" lon="-105.4758381223225"/><trkpt lat="37.92985125337562" lon="-105.47580771213583"/><trkpt lat="37.929757821481324" lon="-105.4755023358539"/><trkpt lat="37.92980585434686" lon="-105.47519080722206"/><trkpt lat="37.92975144482385" lon="-105.47510063135063"/><trkpt lat="37.929632644922656" lon="-105.47495235971799"/><trkpt lat="37.92966075073358" lon="-105.4746159580144"/><trkpt lat="37.92960384599678" lon="-105.47445819418476"/><trkpt lat="37.929556922115154" lon="-105.47432815987503"/><trkpt lat="37.92944581578982" lon="-105.47416125541126"/><trkpt lat="37.92928511709033" lon="-105.47406035687285"/><trkpt lat="37.929140706591994" lon="-105.47411884814228"/><trkpt lat="37.9282946904928" lon="-105.47524903481934"/><trkpt lat="37.92817069222953" lon="-105.47524459633834"/><trkpt lat="37.927836888073074" lon="-105.47493513313826"/><trkpt lat="37.92740850838267" lon="-105.47426703188422"/><trkpt lat="37.92711812787738" lon="-105.47406009320072"/><trkpt lat="37.92705172746586" lon="-105.4739900882479"/><trkpt lat="37.92687692387728" lon="-105.4737169678576"/><trkpt lat="37.9267397308174" lon="-105.47353481435513"/><trkpt lat="37.926670906720915" lon="-105.47343382792602"/><trkpt lat="37.92664490265424" lon="-105.47299222103909"/><trkpt lat="37.926640846019836" lon="-105.47292305104806"/><trkpt lat="37.92646228476195" lon="-105.47235879267129"/><trkpt lat="37.92629634414443" lon="-105.47217672705953"/><trkpt lat="37.92610003077703" lon="-105.47209661467474"/><trkpt lat="37.9259810361679" lon="-105.47191955883362"/><trkpt lat="37.9258021975333" lon="-105.4718388751592"/><trkpt lat="37.92581343129011" lon="-105.4715999442562"/><trkpt lat="37.925553806688356" lon="-105.47124754644285"/><trkpt lat="37.9250441269814" lon="-105.47074103226447"/><trkpt lat="37.924875689973476" lon="-105.47055338559245"/><trkpt lat="37.924412054800584" lon="-105.47010347303316"/><trkpt lat="37.92439000335204" lon="-105.47007380991757"/><trkpt lat="37.92372565145646" lon="-105.46894177753553"/><trkpt lat="37.923515607941845" lon="-105.46875"/><trkpt lat="37.923515607941845" lon="-105.46875"/><trkpt lat="37.923431666814594" lon="-105.46861403306715"/><trkpt lat="37.92340427586436" lon="-105.46835835898337"/><trkpt lat="37.923486448715074" lon="-105.4677951113498"/><trkpt lat="37.92358803793557" lon="-105.46772479877949"/><trkpt lat="37.92362895100049" lon="-105.46772646870303"/><trkpt lat="37.92383594337127" lon="-105.46772875386156"/><trkpt lat="37.92395982674495" lon="-105.46765286023098"/><trkpt lat="37.923990268839006" lon="-105.46739846056252"/><trkpt lat="37.923966622474374" lon="-105.46730846047252"/><trkpt lat="37.92384464606559" lon="-105.46700971993941"/><trkpt lat="37.92378001729186" lon="-105.46664282015844"/><trkpt lat="37.923641120903696" lon="-105.46642072032697"/><trkpt lat="37.92352784718923" lon="-105.46625095941502"/><trkpt lat="37.92353259726541" lon="-105.46617335191554"/><trkpt lat="37.92368983518861" lon="-105.46547053382992"/><trkpt lat="37.92372010392223" lon="-105.4653620766902"/><trkpt lat="37.92376673788181" lon="-105.4652458412224"/><trkpt lat="37.92384946548595" lon="-105.46503969355531"/><trkpt lat="37.92395618617561" lon="-105.46470206138174"/><trkpt lat="37.92400444972337" lon="-105.46442155817155"/><trkpt lat="37.92417396156605" lon="-105.46402754410568"/><trkpt lat="37.924196949160994" lon="-105.46397749034467"/><trkpt lat="37.924386362782705" lon="-105.46365422830267"/><trkpt lat="37.92458291885473" lon="-105.46331510198698"/><trkpt lat="37.92486320802147" lon="-105.46285407125251"/><trkpt lat="37.92492072901697" lon="-105.46264084838303"/><trkpt lat="37.92496750166491" lon="-105.46246519879332"/><trkpt lat="37.92519911121882" lon="-105.46230075526951"/><trkpt lat="37.9252163779191" lon="-105.46226652183684"/><trkpt lat="37.92524023231626" lon="-105.46218698074166"/><trkpt lat="37.92533218269605" lon="-105.46172849883787"/><trkpt lat="37.92545384705603" lon="-105.46099285357099"/><trkpt lat="37.925599019092296" lon="-105.46077070979415"/><trkpt lat="37.926124578615976" lon="-105.46013007438789"/><trkpt lat="37.92650798257513" lon="-105.45982865318803"/><trkpt lat="37.9265737555278" lon="-105.45967721748971"/><trkpt lat="37.92665142100695" lon="-105.45953593316875"/><trkpt lat="37.926808797618506" lon="-105.45931247103123"/><trkpt lat="37.92650874536109" lon="-105.45871674777925"/><trkpt lat="37.92627106819162" lon="-105.45853547318391"/><trkpt lat="37.92616313397885" lon="-105.45833934505809"/><trkpt lat="37.92629745365128" lon="-105.45769580925831"/><trkpt lat="37.92646758959155" lon="-105.45752639990921"/><trkpt lat="37.926556350139165" lon="-105.45727459301678"/><trkpt lat="37.926620181454844" lon="-105.45721429998774"/><trkpt lat="37.926749126953496" lon="-105.45719140445703"/><trkpt lat="37.92687144826923" lon="-105.45717567201942"/><trkpt lat="37.92687144826923" lon="-105.45717567201942"/><trkpt lat="37.92706746117506" lon="-105.4571199932528"/><trkpt lat="37.92779474668455" lon="-105.45727037426256"/><trkpt lat="37.92800458723349" lon="-105.45726527660122"/><trkpt lat="37.928221982735295" lon="-105.45739122399279"/><trkpt lat="37.92845053738769" lon="-105.457458811951"/><trkpt lat="37.92863241074868" lon="-105.45718947086135"/><trkpt lat="37.9288533411367" lon="-105.45703460742523"/><trkpt lat="37.92899175619078" lon="-105.45704199024512"/><trkpt lat="37.92913530029544" lon="-105.45712961728587"/><trkpt lat="37.92923836648744" lon="-105.4571925470363"/><trkpt lat="37.92952434571284" lon="-105.4573126057501"/><trkpt lat="37.92991900536128" lon="-105.45725393869925"/><trkpt lat="37.93015355545792" lon="-105.45730223464598"/><trkpt lat="37.93018377526943" lon="-105.45731453934579"/><trkpt lat="37.93083024357659" lon="-105.45716679505742"/><trkpt lat="37.93083024357659" lon="-105.45716679505742"/><trkpt lat="37.93102864772897" lon="-105.45713827452109"/><trkpt lat="37.93121987814169" lon="-105.45717778139654"/><trkpt lat="37.931528279635494" lon="-105.45725103830573"/><trkpt lat="37.932067627028246" lon="-105.4572631672241"/><trkpt lat="37.93241418449965" lon="-105.45725455393425"/><trkpt lat="37.93264953167848" lon="-105.45715084289303"/><trkpt lat="37.932687029196885" lon="-105.45713405576687"/><trkpt lat="37.934271836513624" lon="-105.45562343413906"/><trkpt lat="37.93453182392867" lon="-105.45545912245132"/><trkpt lat="37.9341061148782" lon="-105.45585850192738"/><trkpt lat="37.9341061148782" lon="-105.45585850192738"/><trkpt lat="37.93453182392867" lon="-105.45545912245132"/><trkpt lat="37.934745684544275" lon="-105.45536415653604"/><trkpt lat="37.934745684544275" lon="-105.45536415653604"/><trkpt lat="37.934791291507516" lon="-105.45537668096262"/><trkpt lat="37.93537117530147" lon="-105.45558887562996"/><trkpt lat="37.93509655541327" lon="-105.45633935454"/><trkpt lat="37.93521010410769" lon="-105.4560290518867"/><trkpt lat="37.93537117530147" lon="-105.45558887562996"/></trkseg></trk></gpx>